Div,Date,Time,HomeTeam,AwayTeam,FTHG,FTAG,FTR,HTHG,HTAG,HTR,Referee,HS,AS,HST,AST,HF,AF,HC,AC,HY,AY,HR,AR,B365H,B365D,B365A,BWH,BWD,BWA,IWH,IWD,IWA,PSH,PSD,PSA,WHH,WHD,WHA,VCH,VCD,VCA,MaxH,MaxD,MaxA,AvgH,AvgD,AvgA,B365>2.5,B365<2.5,P>2.5,P<2.5,Max>2.5,Max<2.5,Avg>2.5,Avg<2.5,AHh,B365AHH,B365AHA,PAHH,PAHA,MaxAHH,MaxAHA,AvgAHH,AvgAHA,B365CH,B365CD,B365CA,BWCH,BWCD,BWCA,IWCH,IWCD,IWCA,PSCH,PSCD,PSCA,WHCH,WHCD,WHCA,VCCH,VCCD,VCCA,MaxCH,MaxCD,MaxCA,AvgCH,AvgCD,AvgCA,B365C>2.5,B365C<2.5,PC>2.5,PC<2.5,MaxC>2.5,MaxC<2.5,AvgC>2.5,AvgC<2.5,AHCh,B365CAHH,B365CAHA,PCAHH,PCAHA,MaxCAHH,MaxCAHA,AvgCAHH,AvgCAHA
SC1,04/08/2023,19:45,Arbroath,Dundee United,0,4,A,0,4,A,D Robertson,3,15,1,7,13,3,6,10,2,0,0,0,3.3,3.2,2.05,3.5,3.2,2,3.4,3.1,2.1,3.88,3.26,2.08,3.25,3.2,1.95,3.6,3.3,2.1,3.88,3.4,2.13,3.57,3.19,2.04,2.1,1.7,2.09,1.76,2.17,1.78,2.05,1.72,0.25,2.03,1.83,2.09,1.77,2.1,1.85,2.02,1.76,3.4,3.2,2.05,3.5,3.1,2.05,3.5,3.1,2.05,3.74,3.26,2.12,3.4,3.1,1.95,3.9,3.3,2,3.9,3.38,2.12,3.56,3.19,2.04,2.1,1.7,2.11,1.75,2.2,1.78,2.07,1.7,0.25,2.05,1.8,2.05,1.81,2.11,1.81,2.02,1.76
SC1,05/08/2023,15:00,Dunfermline,Airdrie Utd,2,1,H,1,1,D,G Irvine,13,12,5,3,11,9,4,5,1,1,1,0,1.85,3.4,3.75,1.88,3.5,3.6,1.95,3.4,3.6,1.96,3.69,3.78,1.8,3.3,3.7,1.87,3.3,3.5,1.97,3.7,4,1.9,3.49,3.65,1.9,1.95,1.94,1.89,1.99,2,1.87,1.87,-0.5,1.95,1.9,1.96,1.89,1.98,1.9,1.9,1.84,1.91,3.3,3.5,1.95,3.4,3.4,2.05,3.25,3.45,2.09,3.53,3.54,1.95,3.2,3.3,2.1,3.5,3.4,2.1,3.7,3.76,2,3.41,3.44,1.93,1.93,1.95,1.88,2.06,1.95,1.89,1.86,-0.5,2.05,1.8,2.08,1.78,2.12,1.87,1.99,1.77
SC1,05/08/2023,15:00,Inverness C,Queens Park,1,2,A,0,1,A,G Grainger,12,12,6,7,9,10,5,4,1,3,0,0,2.1,3.5,3,2.15,3.4,3,2.15,3.35,3.05,2.21,3.63,3.16,2.05,3.3,3,2.1,3.3,2.9,2.27,3.75,3.16,2.14,3.46,3.01,1.73,2.08,1.73,2.13,1.76,2.13,1.71,2.07,-0.25,1.93,1.93,1.92,1.93,2,1.95,1.88,1.88,2.15,3.5,2.88,2.15,3.4,3,2.25,3.35,2.85,2.32,3.56,3,2.05,3.3,3,2.3,3.6,2.9,2.32,3.71,3.15,2.22,3.43,2.92,1.73,2.08,1.74,2.12,1.89,2.2,1.71,2.06,-0.25,2,1.85,2.01,1.85,2.04,1.95,1.95,1.82
SC1,05/08/2023,15:00,Morton,Ayr,3,1,H,0,0,D,M MacDermid,19,7,6,4,9,16,3,4,3,5,0,0,2.38,3.4,2.63,2.35,3.3,2.7,2.4,3.2,2.7,2.6,3.29,2.81,2.3,3.1,2.7,2.38,3.13,2.63,2.6,3.4,2.9,2.41,3.23,2.74,1.95,1.9,1.97,1.87,2.04,1.9,1.91,1.84,0,1.75,2.05,1.85,2.01,1.85,2.05,1.79,1.97,2.38,3.4,2.6,2.35,3.3,2.7,2.4,3.2,2.65,2.57,3.29,2.84,2.3,3.1,2.7,2.45,3.3,2.8,2.6,3.61,2.9,2.43,3.23,2.73,1.98,1.88,1.97,1.87,2.06,1.89,1.92,1.83,0,1.8,2.05,1.83,2.03,1.85,2.09,1.79,1.99
SC1,05/08/2023,15:00,Partick,Raith Rvs,2,2,D,2,0,H,C Scott,14,14,5,6,8,9,7,4,1,2,0,0,1.75,3.8,3.8,1.77,3.5,4,1.83,3.55,3.95,1.75,3.87,4.59,1.73,3.4,4,1.7,3.4,4.2,1.83,3.87,4.59,1.74,3.63,4.24,1.95,1.9,1.92,1.92,2,1.92,1.89,1.85,-0.75,2,1.8,1.98,1.88,2.03,1.88,1.95,1.8,1.7,3.8,4,1.77,3.5,4,1.77,3.6,4.1,1.76,3.8,4.61,1.73,3.4,4,1.73,3.7,4.75,1.81,4.04,4.75,1.74,3.66,4.27,1.95,1.9,1.92,1.92,2.06,1.92,1.89,1.86,-0.75,2,1.85,1.99,1.87,2.02,1.87,1.95,1.82
SC1,12/08/2023,15:00,Airdrie Utd,Partick,2,1,H,0,1,A,C Napier,11,7,2,2,6,9,6,4,0,0,0,0,3,3.25,2.25,2.85,3.4,2.2,2.85,3.3,2.25,3,3.61,2.21,3,3.3,2.05,2.88,3.3,2.15,3.1,3.62,2.29,2.95,3.43,2.19,1.75,2.05,1.72,2.04,1.8,2.1,1.73,2.02,0.25,1.9,1.95,1.88,1.97,1.9,1.99,1.84,1.91,3.5,3.4,1.95,3.2,3.5,2,3.2,3.4,2.1,3.41,3.75,2.06,3,3.3,2.05,3.3,3.5,2.1,3.5,3.75,2.17,3.21,3.51,2.06,1.73,2.08,1.74,2.12,1.89,2.12,1.72,2.04,0.25,2.08,1.73,2.06,1.79,2.1,1.83,1.97,1.79
SC1,12/08/2023,15:00,Ayr,Inverness C,1,0,H,1,0,H,P Stuart,7,10,3,4,10,13,5,3,2,2,0,0,1.95,3.4,3.4,1.98,3.4,3.4,2.05,3.35,3.4,2.01,3.63,3.66,1.91,3.25,3.4,1.93,3.25,3.4,2.12,3.63,3.7,2,3.43,3.42,1.95,1.9,1.93,1.91,1.97,1.91,1.89,1.85,-0.5,2.03,1.83,2.01,1.85,2.04,1.85,1.97,1.78,1.95,3.4,3.4,1.95,3.4,3.5,2.05,3.35,3.35,2.02,3.54,3.72,1.91,3.25,3.4,2,3.3,3.8,2.07,3.65,3.8,1.95,3.45,3.57,1.95,1.9,1.93,1.9,2.06,1.98,1.89,1.85,-0.5,2.03,1.83,2.02,1.83,2.05,1.9,1.95,1.81
SC1,12/08/2023,15:00,Dundee United,Dunfermline,1,1,D,0,0,D,E Anderson,16,5,4,2,14,3,10,4,0,2,0,0,1.62,4,5,1.57,3.9,4.8,1.6,3.8,5,1.65,4.24,4.79,1.57,3.6,4.8,1.53,3.7,5,1.65,4.24,5.2,1.61,3.94,4.81,1.88,1.98,1.89,1.94,1.89,1.98,1.82,1.92,-1,2.05,1.8,2.16,1.72,2.16,1.8,2.07,1.72,1.75,3.75,4.2,1.71,3.6,4.33,1.75,3.5,4.2,1.79,3.8,4.39,1.67,3.4,4.33,1.75,3.75,4.5,1.82,4.1,4.5,1.74,3.64,4.24,1.95,1.9,1.99,1.85,2.06,1.93,1.9,1.83,-0.75,2.05,1.8,2.05,1.82,2.11,1.98,1.98,1.8
SC1,12/08/2023,15:00,Queens Park,Arbroath,2,1,H,1,0,H,R Hardie,14,6,5,1,8,7,15,2,3,1,0,0,1.73,3.6,4.2,1.71,3.7,4.2,1.73,3.6,4.2,1.69,3.99,4.68,1.67,3.5,4.2,1.7,3.5,4.1,1.77,3.99,4.68,1.71,3.74,4.31,1.75,2.05,1.76,2.05,1.78,2.06,1.74,2.01,-0.75,2,1.85,1.91,1.94,2,1.94,1.91,1.85,1.7,3.6,4.33,1.72,3.7,4.1,1.73,3.65,4.3,1.72,3.74,4.97,1.67,3.5,4.2,1.73,3.75,4.6,1.8,3.85,4.97,1.71,3.67,4.43,1.75,2.05,1.8,2.04,1.89,2.1,1.75,2.01,-0.75,1.95,1.9,1.93,1.91,2,1.92,1.91,1.85
SC1,12/08/2023,15:00,Raith Rvs,Morton,3,2,H,2,1,H,D Munro,4,3,4,2,8,13,5,6,5,8,0,0,2.4,3.3,2.63,2.4,3.25,2.65,2.45,3.2,2.75,2.52,3.46,2.79,2.4,3.1,2.6,2.38,3.25,2.6,2.55,3.46,2.79,2.44,3.28,2.7,1.85,2,1.97,1.87,2,2,1.92,1.82,0,1.83,2.03,1.83,2.03,1.83,2.05,1.78,1.98,2.25,3.3,2.75,2.3,3.25,2.8,2.35,3.25,2.7,2.44,3.37,2.97,2.4,3.1,2.6,2.5,3.25,2.88,2.54,3.52,2.97,2.39,3.27,2.79,1.95,1.9,1.95,1.88,2.06,1.93,1.92,1.82,0,1.75,2.05,1.74,2.13,1.8,2.13,1.74,2.04
SC1,19/08/2023,15:00,Arbroath,Queens Park,0,1,A,0,0,D,S Lambie,12,4,3,3,15,9,3,6,1,2,0,0,3,3.75,1.95,3.2,3.3,2.05,3.3,3.45,2,3.49,3.44,2.14,3,3.2,2.1,3.2,3.25,2,3.49,3.75,2.16,3.29,3.38,2.06,1.93,1.93,1.93,1.9,1.94,1.93,1.88,1.86,0.25,2.05,1.8,2.01,1.85,2.08,1.88,1.97,1.79,2.9,3.75,2,3.2,3.4,2.05,3.1,3.45,2.1,3.33,3.49,2.18,3,3.2,2.1,3.6,3.4,2.05,3.6,4.03,2.18,3.31,3.45,2.04,1.88,1.98,1.88,1.95,2.06,1.99,1.85,1.9,0.25,2.03,1.83,1.97,1.88,2.09,1.88,1.99,1.79
SC1,26/08/2023,15:00,Airdrie Utd,Inverness C,2,1,H,2,0,H,D McFarlane,8,19,3,6,11,15,1,3,1,3,1,0,2.05,3.5,3.1,,,,2.15,3.35,3.1,2.17,3.58,3.28,2.1,3.25,2.9,2.1,3.3,2.9,2.21,3.6,3.5,2.13,3.45,3.1,1.8,2,1.79,2.05,1.85,2.05,1.77,1.97,-0.25,1.88,1.98,1.88,1.97,1.95,2.02,1.85,1.91,2.05,3.5,3.2,,,,2.1,3.3,3.25,2.12,3.6,3.39,2.1,3.2,3,2.05,3.5,3.5,2.15,3.67,3.5,2.05,3.48,3.3,1.85,2,1.88,1.96,1.97,2.02,1.83,1.93,-0.25,1.85,2,1.84,2.02,1.9,2.06,1.8,1.97
SC1,26/08/2023,15:00,Ayr,Dundee United,0,3,A,0,0,D,N Walsh,2,13,2,8,8,9,4,11,1,2,0,0,3.1,3.3,2.25,,,,2.95,3.1,2.25,3.21,3.34,2.31,2.8,3,2.3,3.1,3,2.15,3.21,3.34,2.38,3.07,3.2,2.25,2.15,1.67,2.2,1.68,2.2,1.69,2.14,1.66,0.25,1.88,1.98,1.88,1.98,1.88,2,1.82,1.92,3.25,3.4,2.2,,,,3.05,3.2,2.2,3.33,3.4,2.22,2.9,3.2,2.15,3.3,3.3,2.2,3.33,3.48,2.3,3.14,3.28,2.2,2.05,1.75,2.07,1.77,2.21,1.77,2.05,1.73,0.25,1.95,1.9,1.94,1.91,1.97,1.97,1.87,1.9
SC1,26/08/2023,15:00,Dunfermline,Raith Rvs,0,1,A,0,1,A,S McLean,5,3,2,2,8,7,12,2,2,2,0,0,2.25,3.4,3.1,,,,2.2,3.2,3.15,2.34,3.41,3.09,2.05,3,3.25,2.1,3.1,3.1,2.34,3.41,3.3,2.21,3.28,3.09,2.1,1.7,2.07,1.77,2.1,1.77,2.05,1.72,-0.25,1.98,1.88,2.02,1.84,2.02,1.96,1.91,1.85,2.45,3.4,2.8,,,,2.4,3.25,2.65,2.52,3.32,2.9,2.4,3.1,2.6,2.5,3.3,2.8,2.52,3.48,2.9,2.42,3.27,2.77,2,1.8,2.06,1.8,2.1,1.85,1.99,1.76,0,1.8,2.05,1.79,2.08,1.82,2.08,1.76,2.01
SC1,26/08/2023,15:00,Morton,Arbroath,0,3,A,0,1,A,I Snedden,17,13,8,6,11,17,14,6,2,3,0,0,1.67,3.5,5.25,,,,1.7,3.5,4.9,1.69,3.7,5.33,1.6,3.4,4.8,1.62,3.4,4.8,1.7,3.7,5.5,1.66,3.56,4.98,2.08,1.73,2.08,1.76,2.1,1.77,2.04,1.73,-0.75,1.9,1.95,1.92,1.93,1.92,1.98,1.86,1.89,1.7,3.5,5.25,,,,1.73,3.45,4.7,1.7,3.56,5.5,1.6,3.4,4.8,1.73,3.6,5,1.74,3.65,5.5,1.69,3.49,4.94,2.05,1.8,2.06,1.78,2.21,1.81,2.01,1.75,-0.75,1.93,1.93,1.93,1.92,1.97,1.95,1.91,1.86
SC1,26/08/2023,15:00,Partick,Queens Park,3,1,H,2,1,H,G Irvine,10,14,6,4,8,10,1,6,2,1,0,0,1.95,3.6,3.75,,,,1.95,3.4,3.5,2.01,3.82,3.5,1.85,3.5,3.25,1.85,3.5,3.4,2.02,3.82,3.75,1.95,3.63,3.4,1.7,2.1,1.71,2.16,1.71,2.16,1.68,2.12,-0.5,2,1.85,2.01,1.85,2.02,1.89,1.94,1.81,2,3.6,3.4,,,,2.05,3.45,3.25,2.1,3.79,3.27,1.91,3.5,3.2,2.05,3.75,3.3,2.1,3.87,3.52,2.01,3.67,3.23,1.6,2.3,1.6,2.37,1.66,2.41,1.57,2.3,-0.5,2.03,1.78,2.1,1.77,2.1,1.85,2,1.76
SC1,02/09/2023,15:00,Arbroath,Ayr,2,1,H,1,1,D,C Steven,11,9,6,3,9,7,5,7,3,1,0,0,2.63,3.25,2.63,2.6,3.2,2.5,2.55,3.1,2.55,2.8,2.96,2.87,2.62,3,2.45,2.55,3,2.55,2.8,3.3,2.87,2.64,3.07,2.66,2.15,1.67,2.23,1.67,2.23,1.73,2.13,1.67,0,1.9,1.95,1.9,1.95,1.93,1.98,1.86,1.89,2.55,3.25,2.7,2.55,3.1,2.6,2.5,3.1,2.65,2.78,3.06,2.8,2.45,2.9,2.7,2.63,3.1,2.8,2.78,3.36,2.8,2.59,3.09,2.71,2.15,1.67,2.21,1.68,2.32,1.69,2.15,1.65,0,1.88,1.98,1.92,1.93,1.93,2.02,1.84,1.93
SC1,02/09/2023,15:00,Dundee United,Airdrie Utd,2,0,H,1,0,H,C Graham,9,9,3,3,14,8,5,3,2,2,0,0,1.7,4,4.5,1.65,3.75,4.5,1.67,3.7,4.5,1.64,4,5.26,1.65,3.5,4.33,1.57,3.6,4.75,1.7,4,5.26,1.63,3.81,4.82,1.88,1.98,1.85,1.99,1.88,1.99,1.82,1.92,-0.75,1.85,2,1.82,2.05,1.87,2.05,1.8,1.95,1.53,4.5,5.5,1.53,4,5.25,1.53,4,5.5,1.57,4.28,5.61,1.44,3.7,5.8,1.57,3.9,6,1.57,4.59,6.1,1.52,4.09,5.58,1.73,2.08,1.75,2.1,1.89,2.11,1.73,2.04,-1,1.95,1.9,1.97,1.88,1.98,1.95,1.89,1.86
SC1,02/09/2023,15:00,Inverness C,Dunfermline,1,1,D,1,0,H,M MacDermid,7,10,2,4,10,7,2,7,2,1,0,0,2.25,3.1,3.25,2.2,3.25,3,2.2,3.1,3.1,2.35,3.39,3.09,2.3,3.1,2.75,2.2,3.13,2.9,2.35,3.4,3.25,2.26,3.24,3.01,2.05,1.75,2.05,1.79,2.06,1.8,2.02,1.74,-0.25,2.03,1.83,2.02,1.84,2.04,1.85,1.95,1.8,2.38,3.1,3.1,2.35,3.2,2.8,2.35,3.1,2.9,2.47,3.28,2.99,2.3,3.1,2.75,2.45,3.3,2.9,2.48,3.4,3.19,2.36,3.22,2.89,2,1.85,2.07,1.77,2.1,1.85,2,1.77,-0.25,2.05,1.8,2.11,1.77,2.16,1.82,2.03,1.75
SC1,02/09/2023,15:00,Morton,Partick,1,4,A,1,1,D,G Grainger,15,13,8,6,6,6,2,7,1,0,0,1,2.45,3.6,2.5,2.45,3.4,2.55,2.45,3.35,2.55,2.56,3.61,2.66,2.4,3.1,2.6,2.45,3.2,2.5,2.56,3.61,2.66,2.49,3.42,2.57,1.83,2.03,1.82,2.03,1.85,2.03,1.81,1.94,0,1.88,1.98,1.89,1.96,1.91,1.98,1.84,1.91,2.7,3.75,2.3,2.75,3.3,2.3,2.7,3.4,2.35,2.76,3.66,2.45,2.7,3.2,2.25,2.88,3.4,2.38,2.88,3.88,2.45,2.74,3.47,2.33,1.83,2.03,1.8,2.03,1.97,2.04,1.8,1.96,0,2.05,1.75,2.05,1.82,2.16,1.82,2.04,1.75
SC1,02/09/2023,15:00,Raith Rvs,Queens Park,3,2,H,1,0,H,D Williams,8,4,7,2,5,10,8,1,1,0,0,1,2.1,3.6,3.2,2.1,3.5,3,2.1,3.4,3.15,2.14,3.68,3.28,2.1,3.2,3,2.05,3.4,3,2.14,3.68,3.28,2.08,3.53,3.13,1.7,2.1,1.69,2.19,1.73,2.19,1.68,2.11,-0.25,1.85,2,1.86,2,1.86,2.02,1.81,1.94,2.1,3.6,3.1,2.1,3.5,3,2.2,3.4,3,2.12,3.65,3.35,2.1,3.2,3,2.2,3.4,3.2,2.2,3.74,3.35,2.14,3.5,3.08,1.75,2.05,1.78,2.06,1.89,2.1,1.74,2.02,-0.25,1.88,1.98,1.84,2.02,1.92,2.02,1.85,1.92
SC1,15/09/2023,19:45,Ayr,Partick,0,4,A,0,1,A,W Collum,13,11,10,5,6,7,9,3,3,1,0,0,3.2,3.5,2.1,3.2,3.3,2.05,3.2,3.3,2.1,3.29,3.73,2.12,3.2,3.2,2,3.4,3.5,2.1,3.4,3.73,2.12,3.22,3.52,2.06,1.75,2.05,1.83,2.02,1.83,2.05,1.78,1.97,0.25,2.03,1.83,2.01,1.85,2.06,1.85,1.97,1.79,3.6,3.6,1.91,3.3,3.4,1.98,3.4,3.4,2,3.31,3.83,2.07,3.2,3.2,2,3.6,3.5,2,3.75,3.83,2.07,3.31,3.58,2,1.73,2.08,1.76,2.09,1.89,2.1,1.74,2.03,0.5,1.83,2.03,1.79,2.06,1.83,2.08,1.77,1.98
SC1,16/09/2023,15:00,Arbroath,Airdrie Utd,4,0,H,2,0,H,C Napier,11,6,6,0,13,8,2,5,0,1,1,1,2.55,3.3,2.7,2.35,3.3,2.65,2.45,3.2,2.65,2.43,3.68,2.77,2.4,3.2,2.6,2.38,3.2,2.6,2.55,3.68,2.77,2.41,3.41,2.67,1.85,2,1.84,2,1.87,2,1.81,1.93,0,1.83,2.03,1.81,2.06,1.83,2.06,1.78,1.98,2.63,3.2,2.63,2.55,3.25,2.5,2.55,3.15,2.55,2.66,3.53,2.6,2.4,3.2,2.6,2.63,3.4,2.55,2.72,3.53,2.72,2.59,3.31,2.56,1.9,1.95,1.93,1.9,2.06,1.96,1.89,1.86,0,1.95,1.9,1.94,1.91,2,2,1.9,1.88
SC1,16/09/2023,15:00,Dundee United,Morton,1,1,D,1,0,H,D Munro,9,7,1,1,15,12,5,4,1,3,1,0,1.67,3.8,4.5,1.68,3.7,4.33,1.7,3.65,4.4,1.67,4.02,4.94,1.67,3.5,4.2,1.62,3.6,4.5,1.73,4.02,4.94,1.67,3.8,4.55,1.73,2.08,1.76,2.09,1.85,2.1,1.75,2.02,-0.75,1.85,2,1.86,2,1.96,2,1.85,1.91,1.55,4,5.25,1.55,3.9,5.25,1.57,3.85,5.25,1.58,4.17,5.67,1.55,3.7,4.8,1.57,4,5.75,1.63,4.33,5.75,1.55,4.02,5.34,1.73,2.08,1.76,2.08,1.89,2.08,1.75,2.02,-1,1.98,1.88,2,1.85,2,1.92,1.95,1.82
SC1,16/09/2023,15:00,Queens Park,Dunfermline,0,2,A,0,0,D,S Lambie,14,15,2,5,11,7,8,9,2,3,0,0,2.2,3.4,3,2.15,3.4,2.95,2.15,3.45,3.1,2.31,3.52,3.05,2.15,3.2,2.88,2.15,3.2,2.9,2.31,3.52,3.05,2.21,3.4,2.96,1.95,1.9,1.88,1.95,2,1.95,1.89,1.86,-0.25,1.98,1.88,2,1.85,2,1.92,1.92,1.83,2.55,3.4,2.5,2.45,3.3,2.55,2.35,3.45,2.75,2.64,3.43,2.68,2.4,3.25,2.5,2.4,3.3,2.8,2.68,3.56,2.82,2.49,3.4,2.61,1.88,1.98,1.88,1.96,2.06,1.99,1.85,1.91,0,1.93,1.93,1.91,1.94,1.98,2.05,1.86,1.92
SC1,16/09/2023,15:00,Raith Rvs,Inverness C,1,0,H,0,0,D,C Graham,7,8,2,5,9,15,3,7,2,2,0,0,1.91,3.6,3.6,1.88,3.5,3.5,1.95,3.45,3.6,1.88,3.69,3.95,1.83,3.3,3.6,1.83,3.4,3.6,1.95,3.75,3.95,1.88,3.55,3.7,1.88,1.98,1.88,1.96,1.89,1.98,1.84,1.91,-0.5,1.93,1.93,1.9,1.95,1.93,1.95,1.87,1.87,1.8,3.75,4,1.85,3.5,3.7,1.9,3.45,3.8,1.83,3.73,4.28,1.83,3.3,3.6,1.85,3.5,4.2,1.9,3.88,4.28,1.83,3.6,3.93,1.88,1.98,1.87,1.97,2.06,1.99,1.85,1.91,-0.5,1.83,2.03,1.83,2.03,1.89,2.05,1.82,1.94
SC1,22/09/2023,19:45,Queens Park,Ayr,2,5,A,1,4,A,D Dickinson,12,10,4,6,8,7,4,2,2,0,0,0,1.95,3.5,3.4,2,3.5,3.2,2.05,3.4,3.25,2.07,3.61,3.49,1.95,3.25,3.2,2.05,3.5,3.5,2.11,3.61,3.5,2.01,3.5,3.35,1.75,2.05,1.73,2.13,1.8,2.13,1.73,2.05,-0.5,2.05,1.8,2.07,1.79,2.07,1.83,2,1.76,2.05,3.5,3.1,2,3.5,3.2,2.05,3.4,3.2,2.05,3.6,3.56,1.95,3.25,3.2,2.1,3.5,3.4,2.17,3.69,3.56,2.06,3.48,3.29,1.67,2.15,1.71,2.16,1.8,2.17,1.71,2.08,-0.25,1.83,2.03,1.78,2.08,1.89,2.08,1.79,1.99
SC1,23/09/2023,15:00,Airdrie Utd,Raith Rvs,1,0,H,0,0,D,L Wilson,7,11,3,6,8,9,2,1,1,4,0,0,2.38,3.25,2.75,2.4,3.3,2.6,2.4,3.25,2.65,2.41,3.57,2.86,2.4,3.1,2.6,2.38,3.25,2.55,2.5,3.57,2.86,2.39,3.39,2.71,1.8,2.05,1.82,2.03,1.82,2.05,1.77,1.99,0,1.8,2.05,1.76,2.1,1.81,2.1,1.76,2.01,2.7,3.2,2.5,2.4,3.3,2.6,2.65,3.2,2.45,2.78,3.45,2.53,2.4,3.1,2.6,2.75,3.3,2.55,2.82,3.45,2.65,2.67,3.29,2.49,1.9,1.95,1.93,1.91,2.06,1.99,1.86,1.89,0,2.03,1.83,2.02,1.84,2.05,1.98,1.95,1.81
SC1,23/09/2023,15:00,Dunfermline,Morton,3,1,H,2,0,H,G Irvine,10,9,5,2,8,14,10,4,0,3,0,0,2.05,3.4,3.25,2,3.4,3.2,2.05,3.35,3.35,2.07,3.48,3.65,1.95,3.3,3.2,2,3.25,3.2,2.1,3.55,3.65,2.03,3.4,3.39,1.88,1.98,1.93,1.9,1.93,2,1.85,1.91,-0.5,2.08,1.73,2.07,1.81,2.08,1.81,2.01,1.75,2,3.4,3.4,2,3.4,3.2,2.05,3.3,3.4,2.16,3.3,3.6,1.95,3.3,3.2,2.05,3.4,3.6,2.16,3.57,3.6,2.03,3.38,3.41,1.98,1.88,1.96,1.88,2.06,1.91,1.9,1.85,-0.25,1.8,2.05,1.85,2.01,1.85,2.14,1.77,2
SC1,23/09/2023,15:00,Inverness C,Dundee United,0,1,A,0,0,D,C Scott,8,12,2,4,6,13,4,2,2,3,0,1,3.6,3.5,1.91,3.5,3.4,1.95,3.55,3.3,2,3.69,3.48,2.05,3.3,3.3,1.91,3.5,3.25,1.9,3.8,3.5,2.05,3.56,3.4,1.96,1.98,1.88,1.96,1.88,1.98,1.89,1.9,1.84,0.5,1.88,1.98,1.81,2.05,1.9,2.05,1.79,1.95,4,3.6,1.75,3.5,3.4,1.95,4.2,3.55,1.77,4.58,3.74,1.78,4.2,3.4,1.7,4.6,3.6,1.75,4.63,3.82,1.86,4.28,3.6,1.76,1.93,1.93,1.93,1.91,2.06,1.94,1.88,1.86,0.75,1.8,2,1.83,2.03,1.85,2.05,1.79,1.97
SC1,23/09/2023,15:00,Partick,Arbroath,0,3,A,0,2,A,G Grainger,8,19,1,7,12,10,4,6,3,2,0,0,1.65,3.5,4.75,1.63,3.8,4.6,1.65,3.65,4.7,1.62,4.17,5.18,1.57,3.6,4.75,1.57,3.7,4.75,1.68,4.17,5.25,1.61,3.9,4.85,1.83,2.03,1.71,2.15,1.83,2.15,1.72,2.06,-0.75,1.85,2,1.77,2.09,1.86,2.09,1.77,2,1.55,3.75,5.25,1.63,3.8,4.6,1.6,3.75,5.25,1.65,4.09,5.03,1.5,3.6,5.5,1.6,3.9,5.75,1.65,4.2,5.75,1.58,3.96,5.1,1.73,2.08,1.76,2.09,1.89,2.12,1.73,2.03,-1,2.03,1.83,2.08,1.78,2.08,1.89,1.98,1.78
SC1,30/09/2023,15:00,Arbroath,Inverness C,2,3,A,0,2,A,D Robertson,11,7,3,6,14,18,8,2,1,1,0,0,2.15,3.3,3.1,2.2,3.4,2.85,2.2,3.25,3,2.19,3.6,3.14,2.2,3.3,2.9,2.15,3.2,2.9,2.33,3.6,3.15,2.18,3.39,3.02,1.98,1.88,2,1.84,2,1.91,1.91,1.83,-0.25,1.95,1.9,1.92,1.93,2,1.93,1.9,1.85,2.15,3.2,3.1,2.3,3.2,2.85,2.25,3.15,3,2.28,3.5,3.12,2.25,3.2,2.9,2.3,3.25,3.13,2.39,3.5,3.46,2.25,3.3,3.03,2.05,1.75,1.88,1.95,2.21,1.95,1.98,1.77,-0.25,1.95,1.9,1.97,1.88,2.03,1.94,1.94,1.83
SC1,30/09/2023,15:00,Ayr,Raith Rvs,1,2,A,0,2,A,D Munro,13,8,4,3,10,6,8,4,2,2,0,0,2.6,3.3,2.5,2.55,3.3,2.45,2.6,3.25,2.45,2.78,3.45,2.5,2.6,3.25,2.45,2.63,3.13,2.38,2.78,3.45,2.55,2.67,3.3,2.44,1.98,1.88,2.01,1.83,2.01,1.91,1.91,1.82,0,2.03,1.83,2.04,1.83,2.04,1.85,1.97,1.79,2.8,3.25,2.3,2.85,3.2,2.3,2.85,3.2,2.35,2.96,3.43,2.41,2.75,3.3,2.3,2.9,3.3,2.4,2.97,3.45,2.44,2.85,3.28,2.35,2.03,1.83,2.03,1.82,2.1,1.89,1.96,1.79,0.25,1.8,2.05,1.79,2.08,1.82,2.08,1.76,2.02
SC1,30/09/2023,15:00,Dundee United,Queens Park,4,1,H,1,1,D,S Kirkland,14,8,5,3,7,7,4,2,0,2,0,0,1.57,3.8,5.5,1.55,4,5,1.55,3.9,5.25,1.56,4.24,5.82,1.53,4,5,1.5,3.9,5,1.62,4.24,5.82,1.54,4.04,5.31,1.7,2.1,1.71,2.17,1.8,2.17,1.7,2.08,-1,1.98,1.88,1.97,1.88,2.04,1.88,1.93,1.83,1.53,4,5.5,1.5,4.33,5.25,1.53,4.2,5.5,1.51,4.52,6.09,1.44,4.2,5.8,1.5,4.4,6,1.61,4.6,6.09,1.5,4.32,5.61,1.57,2.35,1.59,2.39,1.66,2.39,1.58,2.29,-1,1.83,2.03,1.84,2.02,1.85,2.06,1.8,1.97
SC1,30/09/2023,15:00,Morton,Airdrie Utd,0,1,A,0,1,A,E Anderson,13,8,1,2,12,13,6,3,2,3,0,0,2.15,3.2,3.2,2.15,3.5,2.9,2.2,3.25,3.05,2.16,3.81,3.13,2.1,3.4,3,2.1,3.3,2.9,2.21,3.81,3.2,2.14,3.48,3.04,1.73,2.08,1.74,2.11,1.79,2.11,1.72,2.05,-0.25,1.9,1.95,1.89,1.96,1.92,1.96,1.87,1.88,2.2,3.2,3.1,2.2,3.4,2.87,2.25,3.3,3,2.31,3.58,3,2.15,3.5,2.88,2.25,3.5,3,2.36,3.66,3.26,2.22,3.46,2.95,1.73,2.08,1.75,2.1,1.89,2.11,1.72,2.05,-0.25,1.98,1.88,2.01,1.85,2.06,1.89,1.94,1.83
SC1,30/09/2023,15:00,Partick,Dunfermline,3,0,H,1,0,H,C Steven,23,19,12,4,8,5,4,9,3,1,0,0,1.95,3.3,3.6,2.05,3.4,3.2,2.05,3.35,3.4,1.99,3.78,3.5,1.95,3.5,3.3,1.95,3.3,3.3,2.05,3.78,3.6,1.98,3.52,3.38,1.8,2,1.78,2.02,1.89,2.02,1.79,1.95,-0.5,2.03,1.83,2.01,1.85,2.05,1.85,1.96,1.79,2.38,3.25,2.75,2.3,3.4,2.7,2.35,3.3,2.65,2.42,3.66,2.8,2.25,3.4,2.8,2.25,3.4,3.1,2.45,3.66,3.21,2.32,3.44,2.81,1.78,2.1,1.74,2.11,1.89,2.16,1.75,2.03,-0.25,2.08,1.73,2.1,1.76,2.11,1.96,1.99,1.78
SC1,07/10/2023,15:00,Airdrie Utd,Ayr,1,2,A,0,1,A,I Snedden,8,11,3,3,5,9,7,7,1,1,0,0,1.95,3.5,3.2,2.05,3.4,3.2,2.05,3.4,3.35,2.09,3.51,3.55,2,3.4,3.25,2,3.3,3.2,2.1,3.6,3.55,2.02,3.43,3.34,1.85,2,1.85,2,1.85,2,1.81,1.93,-0.25,1.78,2.1,1.81,2.06,1.82,2.1,1.76,2,2.05,3.4,2.9,2.1,3.4,3.1,2.15,3.35,3,2.18,3.45,3.36,2.1,3.4,3,2.2,3.4,3.2,2.23,3.7,3.36,2.13,3.41,3.12,1.85,2,1.85,1.99,1.97,2.02,1.81,1.93,-0.25,1.88,1.98,1.88,1.97,1.94,1.99,1.85,1.92
SC1,07/10/2023,15:00,Inverness C,Partick,0,0,D,0,0,D,D McFarlane,4,4,1,3,10,8,6,4,0,1,0,0,2.8,3.25,2.2,2.85,3.4,2.2,2.85,3.3,2.25,3.01,3.47,2.36,2.8,3.5,2.2,2.8,3.4,2.15,3.01,3.6,2.36,2.9,3.39,2.24,1.73,2.08,1.74,2.11,1.74,2.11,1.71,2.05,0.25,1.83,2.03,1.83,2.04,1.84,2.04,1.8,1.95,2.6,3.3,2.38,2.6,3.4,2.37,2.65,3.3,2.4,2.79,3.51,2.5,2.6,3.5,2.38,2.8,3.4,2.45,3,3.53,2.54,2.71,3.41,2.38,1.7,2.1,1.72,2.14,1.8,2.14,1.69,2.08,0.25,1.8,2.05,1.73,2.15,1.84,2.21,1.73,2.05
SC1,07/10/2023,15:00,Queens Park,Morton,0,0,D,0,0,D,C Napier,11,7,4,2,10,8,10,3,1,3,0,0,2.2,3.3,2.8,2.1,3.5,2.95,2.2,3.35,2.95,2.3,3.67,2.96,2.15,3.6,2.8,2.15,3.4,2.8,2.3,3.72,3.05,2.19,3.51,2.89,1.7,2.1,1.65,2.26,1.7,2.26,1.64,2.16,-0.25,2,1.85,2.01,1.85,2.01,1.88,1.92,1.83,2.2,3.3,2.8,2.15,3.5,2.85,2.25,3.35,2.8,2.37,3.66,2.87,2.2,3.5,2.75,2.38,3.4,2.9,2.38,3.66,3.01,2.27,3.47,2.82,1.65,2.2,1.66,2.25,1.7,2.25,1.64,2.18,-0.25,2.03,1.83,2.06,1.81,2.06,1.87,1.98,1.78
SC1,07/10/2023,15:00,Raith Rvs,Dundee United,1,1,D,1,0,H,A Muir,7,7,6,4,15,13,3,3,3,4,0,0,2.9,3.5,2.25,2.8,3.3,2.25,2.8,3.3,2.25,3.01,3.56,2.32,2.88,3.4,2.1,2.8,3.2,2.2,3.01,3.56,2.4,2.88,3.38,2.26,1.93,1.93,1.93,1.91,1.93,1.98,1.86,1.87,0.25,1.88,1.98,1.85,2.01,1.88,2.1,1.79,1.96,3,3.4,2.2,3,3.3,2.15,3.05,3.2,2.2,3.28,3.32,2.28,3.1,3.3,2.1,3.2,3.3,2.25,3.28,3.55,2.3,3.08,3.31,2.2,2.03,1.83,1.97,1.86,2.1,1.98,1.9,1.83,0.25,1.88,1.98,1.89,1.95,1.9,2,1.86,1.9
SC1,20/10/2023,19:45,Airdrie Utd,Queens Park,1,1,D,1,0,H,G Irvine,10,13,6,6,12,12,1,5,0,3,0,1,2.15,3.6,2.88,2.1,3.5,2.9,2.1,3.45,3,2.28,3.69,2.98,2.1,3.5,3,2.2,3.6,3.1,2.28,3.7,3.1,2.17,3.56,2.94,1.7,2.1,1.69,2.19,1.71,2.19,1.67,2.12,-0.25,1.95,1.9,1.99,1.86,2.01,1.92,1.9,1.85,2,3.6,3.1,2,3.6,3.1,2.1,3.55,3.15,2.09,3.77,3.32,2,3.5,3.2,2.05,3.7,3.3,2.18,3.82,3.32,2.04,3.66,3.15,1.67,2.15,1.68,2.22,1.75,2.22,1.66,2.14,-0.25,1.83,2.03,1.83,2.04,1.86,2.09,1.79,1.99
SC1,21/10/2023,15:00,Dunfermline,Ayr,0,1,A,0,1,A,D Munro,9,15,1,5,8,14,4,11,0,1,0,0,1.85,3.5,3.75,1.88,3.5,3.6,1.9,3.45,3.7,1.94,3.5,4.08,1.83,3.5,3.7,1.85,3.3,3.6,1.94,3.65,4.08,1.88,3.49,3.78,1.9,1.95,1.96,1.88,1.96,2,1.85,1.88,-0.5,1.93,1.93,1.94,1.91,1.94,1.93,1.87,1.87,1.85,3.5,3.75,1.9,3.4,3.5,1.95,3.4,3.6,1.95,3.56,3.96,1.85,3.5,3.6,1.95,3.4,3.9,1.98,3.69,4.02,1.9,3.48,3.74,1.9,1.95,1.88,1.95,2.06,2,1.85,1.89,-0.5,1.95,1.9,1.95,1.9,1.98,1.94,1.9,1.85
SC1,21/10/2023,15:00,Partick,Dundee United,0,5,A,0,1,A,S Kirkland,7,13,2,8,9,12,2,4,1,2,1,0,2.63,3.4,2.38,2.6,3.4,2.37,2.6,3.3,2.4,2.81,3.58,2.4,2.4,3.4,2.6,2.63,3.3,2.3,2.81,3.58,2.6,2.69,3.43,2.38,1.85,2,1.79,2,1.85,2,1.78,1.95,0,2.05,1.8,2.1,1.79,2.1,1.92,2,1.77,2.75,3.4,2.3,2.65,3.3,2.35,2.7,3.25,2.35,2.93,3.6,2.35,2.7,3.4,2.3,2.9,3.3,2.45,2.93,3.6,2.45,2.75,3.42,2.36,1.88,1.98,1.83,2.01,2.06,2.1,1.8,1.94,0,2.13,1.75,2.16,1.72,2.16,1.8,2.05,1.74
SC1,27/10/2023,19:45,Dundee United,Arbroath,6,0,H,3,0,H,C Steven,18,5,10,2,5,7,10,5,0,1,0,0,1.5,4,5.75,1.49,4.2,5.5,1.5,4.1,6,1.5,4.43,6.43,1.44,4.2,6,1.5,4.2,6.5,1.51,4.43,6.5,1.48,4.2,6.03,1.8,2,1.81,2.02,1.84,2.03,1.77,1.98,-1,1.83,2.03,1.83,2.03,1.88,2.05,1.81,1.95,1.36,4.5,7,1.38,4.6,6.75,1.4,4.5,7.25,1.4,4.69,8.2,1.35,4.5,7.5,1.36,4.6,9,1.42,4.91,9,1.37,4.6,7.49,1.73,2.08,1.74,2.13,1.79,2.13,1.72,2.04,-1.25,1.88,1.98,1.9,1.95,2,2,1.86,1.9
SC1,27/10/2023,19:45,Queens Park,Partick,2,2,D,0,1,A,C Graham,18,5,8,4,7,11,9,1,2,0,0,0,2.7,3.5,2.3,2.75,3.4,2.25,2.7,3.4,2.3,2.82,3.66,2.4,2.7,3.5,2.25,2.9,3.4,2.38,2.9,3.66,2.4,2.77,3.5,2.3,1.67,2.15,1.69,2.19,1.77,2.19,1.67,2.11,0.25,1.78,2.1,1.78,2.09,1.81,2.1,1.76,2.01,2.8,3.5,2.25,2.7,3.5,2.25,2.7,3.4,2.3,2.77,3.76,2.4,2.7,3.5,2.25,2.9,3.4,2.38,2.9,3.76,2.4,2.76,3.56,2.29,1.62,2.25,1.65,2.27,1.66,2.27,1.61,2.22,0.25,1.85,2,1.77,2.09,1.88,2.09,1.78,1.98
SC1,28/10/2023,15:00,Ayr,Morton,0,1,A,0,0,D,P Stuart,13,10,6,5,15,17,4,10,2,4,0,0,1.91,3.3,3.75,1.98,3.3,3.4,1.97,3.25,3.65,2.02,3.7,3.57,1.95,3.4,3.4,1.91,3.3,3.4,2.02,3.7,3.75,1.96,3.45,3.5,1.9,1.95,1.88,1.96,1.95,1.99,1.84,1.9,-0.5,2,1.85,2.02,1.84,2.02,1.85,1.95,1.79,2.2,3.2,3.1,2.15,3.3,3,2.15,3.2,3.15,2.14,3.62,3.32,2.1,3.4,3,2.15,3.5,3.2,2.31,3.62,3.32,2.14,3.39,3.14,1.9,1.95,1.89,1.94,2.06,1.95,1.85,1.88,-0.25,1.9,1.95,1.85,2,1.94,2,1.84,1.91
SC1,28/10/2023,15:00,Inverness C,Airdrie Utd,1,0,H,1,0,H,C Scott,7,9,2,4,9,12,3,5,2,2,0,0,2.1,3.6,3,2.3,3.3,2.75,2.2,3.35,2.85,2.28,3.64,3.03,2.1,3.5,3,2.15,3.3,2.88,2.3,3.64,3.03,2.21,3.47,2.91,1.73,2.08,1.76,2.09,1.91,2.09,1.75,2.01,-0.25,1.9,1.95,1.98,1.88,1.98,1.95,1.91,1.84,2.15,3.5,3,2.15,3.4,2.95,2.15,3.35,3.05,2.19,3.54,3.27,2.05,3.6,3,2.2,3.4,3.2,2.25,3.66,3.27,2.15,3.44,3.06,1.88,1.98,1.87,1.97,2.06,2.06,1.81,1.93,-0.25,1.9,1.95,1.89,1.96,1.93,1.97,1.86,1.89
SC1,28/10/2023,15:00,Raith Rvs,Dunfermline,1,0,H,0,0,D,I Snedden,8,10,2,6,5,11,6,9,1,3,0,0,2.15,3.2,3.1,2.05,3.3,3.2,2.15,3.2,3.15,2.19,3.44,3.36,2.05,3.3,3.2,2.1,3.13,3.1,2.2,3.44,3.36,2.14,3.3,3.18,2,1.8,2.04,1.81,2.04,1.85,1.95,1.79,-0.25,1.95,1.9,1.88,1.97,1.95,1.97,1.85,1.9,2.1,3.25,3.1,2.05,3.3,3.2,2.15,3.2,3.2,2.16,3.48,3.39,2.1,3.3,3.1,2.25,3.25,3.3,2.25,3.55,3.4,2.12,3.34,3.21,2,1.85,1.97,1.85,2.1,1.85,1.93,1.81,-0.25,1.88,1.98,1.87,1.99,1.89,1.99,1.83,1.91
SC1,31/10/2023,19:45,Airdrie Utd,Dundee United,0,2,A,0,1,A,E Anderson,10,10,3,5,8,6,9,3,0,0,0,0,4.75,4,1.57,4.6,3.9,1.6,4.6,3.85,1.63,5.07,4.17,1.63,5,3.9,1.55,5.25,3.9,1.62,5.25,4.17,1.67,4.77,3.94,1.61,1.7,2.1,1.7,2.18,1.73,2.18,1.69,2.09,0.75,2.1,1.78,2.07,1.8,2.1,1.8,1.99,1.76,5.25,4,1.53,5,4.1,1.53,5.25,4,1.57,5.9,4.14,1.56,5.5,4,1.5,6,4,1.55,6,4.28,1.67,5.36,4.07,1.54,1.67,2.15,1.68,2.22,1.73,2.22,1.66,2.13,1,1.93,1.93,1.91,1.94,1.93,1.96,1.84,1.9
SC1,31/10/2023,19:45,Morton,Raith Rvs,1,2,A,0,2,A,D Dickinson,10,13,5,3,11,9,5,5,4,2,0,0,2.88,3,2.45,2.8,3.1,2.4,2.85,3,2.4,3.01,3.08,2.58,2.8,3.1,2.38,3,3,2.5,3.01,3.24,2.58,2.87,3.07,2.44,2.3,1.6,2.29,1.64,2.3,1.68,2.21,1.62,0,2.1,1.78,2.09,1.79,2.1,1.81,2.04,1.74,2.8,3.1,2.45,2.75,3.1,2.4,2.8,3.05,2.4,2.86,3.12,2.68,2.9,3.1,2.3,3,3,2.5,3,3.22,2.68,2.83,3.09,2.46,2.2,1.65,2.24,1.66,2.26,1.66,2.19,1.63,0,2.13,1.75,1.99,1.86,2.13,1.86,1.99,1.77
SC1,31/10/2023,19:45,Partick,Ayr,2,2,D,1,1,D,R Hardie,13,8,6,4,12,13,4,3,1,0,0,0,1.91,3.6,3.5,,,,1.97,3.5,3.35,1.96,4,3.5,1.91,3.6,3.3,1.93,3.7,3.7,2.02,4,3.7,1.94,3.67,3.43,1.7,2.1,1.66,2.24,1.87,2.24,1.67,2.11,-0.5,1.95,1.9,1.96,1.89,2,1.9,1.92,1.82,1.95,3.6,3.25,,,,1.97,3.6,3.3,2.03,3.83,3.43,1.91,3.7,3.4,1.93,3.75,3.6,2.03,3.9,3.63,1.93,3.72,3.4,1.62,2.25,1.64,2.29,1.87,2.29,1.62,2.21,-0.5,2.03,1.83,2.03,1.83,2.03,1.91,1.92,1.82
SC1,03/11/2023,19:45,Morton,Dunfermline,1,2,A,0,2,A,G Grainger,10,11,7,5,11,9,7,6,4,2,0,0,2.38,3.3,2.7,2.37,3.3,2.65,2.4,3.2,2.75,2.61,3.17,2.9,2.3,3.2,2.7,2.45,3.25,2.9,2.61,3.43,2.9,2.45,3.25,2.75,1.93,1.93,1.98,1.86,1.98,1.95,1.88,1.86,0,1.8,2.05,1.83,2.04,1.83,2.08,1.77,2,2.38,3.3,2.7,2.37,3.3,2.65,2.4,3.2,2.75,2.5,3.2,3.02,2.3,3.2,2.7,2.45,3.25,2.9,2.59,3.43,3.02,2.42,3.23,2.79,1.93,1.93,1.97,1.87,1.97,1.97,1.87,1.86,0,1.8,2.05,1.75,2.12,1.81,2.12,1.74,2.04
SC1,04/11/2023,15:00,Arbroath,Partick,1,3,A,0,1,A,G Duncan,7,10,3,8,13,12,7,9,2,1,0,0,2.63,3.4,2.4,2.6,3.4,2.35,2.55,3.35,2.45,2.76,3.55,2.5,2.5,3.4,2.38,2.55,3.4,2.3,2.76,3.61,2.5,2.62,3.46,2.41,1.7,2.1,1.68,2.21,1.74,2.21,1.67,2.12,0,2,1.85,2.03,1.83,2.03,1.85,1.95,1.8,3,3.5,2.15,2.85,3.6,2.15,2.75,3.45,2.25,2.96,3.73,2.28,2.7,3.5,2.2,2.88,3.5,2.38,3,3.73,2.38,2.86,3.54,2.23,1.65,2.2,1.66,2.24,1.67,2.24,1.63,2.18,0.25,1.9,1.95,1.86,1.99,1.97,2.07,1.81,1.95
SC1,04/11/2023,15:00,Ayr,Queens Park,2,2,D,2,0,H,W Collum,10,7,6,3,5,9,2,7,0,2,0,0,2.05,3.5,3.1,2.05,3.5,3.1,2.05,3.4,3.25,2.1,3.84,3.25,2,3.5,3.1,2,3.4,3.1,2.1,3.84,3.3,2.05,3.57,3.17,1.73,2.08,1.74,2.12,1.8,2.12,1.71,2.05,-0.25,1.85,2,1.84,2.02,1.85,2.02,1.8,1.96,2.3,3.5,2.7,2.25,3.4,2.8,2.25,3.35,2.85,2.44,3.78,2.71,2.2,3.4,2.7,2.3,3.6,2.88,2.44,3.78,3.3,2.27,3.55,2.8,1.73,2.08,1.74,2.12,1.82,2.12,1.72,2.05,-0.25,2.1,1.78,2.13,1.75,2.13,1.81,2.01,1.76
SC1,04/11/2023,15:00,Dundee United,Inverness C,1,1,D,0,0,D,D Robertson,13,4,7,2,11,7,5,3,1,1,0,0,1.36,4.75,6,1.36,4.75,7.25,1.37,4.6,7.25,1.37,5.09,7.93,1.3,4.75,7.5,1.33,4.33,7,1.39,5.09,8,1.36,4.71,7.42,1.7,2.1,1.71,2.16,1.73,2.16,1.68,2.09,-1.25,1.83,2.03,1.84,2.02,1.88,2.03,1.81,1.94,1.4,5,7,1.36,4.75,7.25,1.37,4.6,7.25,1.39,4.74,8.36,1.3,4.6,8,1.36,4.6,9,1.4,5,9.5,1.36,4.64,7.79,1.75,2.05,1.86,1.98,1.86,2.06,1.77,1.97,-1.25,1.9,1.95,1.88,1.96,1.92,2.05,1.84,1.92
SC1,04/11/2023,15:00,Raith Rvs,Airdrie Utd,1,1,D,1,0,H,C Graham,10,16,5,9,10,8,6,3,0,1,0,0,1.6,4,4.5,1.63,3.8,4.5,1.63,3.85,4.6,1.68,4.08,4.78,1.57,3.9,4.5,1.6,3.7,4.5,1.68,4.1,4.78,1.64,3.93,4.56,1.62,2.25,1.69,2.2,1.76,2.25,1.66,2.14,-0.75,1.8,2.05,1.87,1.98,1.87,2.05,1.8,1.94,1.8,3.6,3.8,1.75,3.6,3.9,1.77,3.65,4,1.81,3.6,4.57,1.7,3.6,4,1.75,3.8,4.4,1.85,3.85,4.57,1.77,3.65,4.14,1.88,1.98,1.85,1.98,1.9,2.05,1.78,1.96,-0.75,2.05,1.75,2.06,1.79,2.06,1.87,1.97,1.79
SC1,10/11/2023,19:45,Dunfermline,Dundee United,1,2,A,0,1,A,C Graham,6,16,2,5,7,9,3,7,4,3,0,0,4,3.6,1.8,3.8,3.5,1.83,3.9,3.45,1.85,4.08,3.88,1.83,4,3.5,1.73,4.2,3.6,1.83,4.2,3.88,1.9,3.95,3.61,1.82,1.95,1.9,1.93,1.91,1.95,1.91,1.87,1.86,0.5,2.03,1.83,2.03,1.83,2.09,1.83,1.97,1.79,4.5,3.75,1.67,4.5,3.6,1.68,4.4,3.6,1.73,4.89,3.67,1.75,4.5,3.6,1.62,4.75,3.7,1.73,4.89,3.87,1.75,4.52,3.65,1.7,1.95,1.9,1.94,1.89,1.95,1.93,1.87,1.86,0.75,1.9,1.95,1.88,1.97,1.95,1.97,1.84,1.91
SC1,11/11/2023,15:00,Airdrie Utd,Arbroath,2,0,H,1,0,H,G Irvine,6,8,5,1,10,12,5,5,0,0,0,0,2.15,3.3,3.1,2.15,3.4,2.95,2.2,3.25,3.1,2.24,3.65,3.08,2.1,3.4,2.9,2.1,3.25,3,2.24,3.65,3.2,2.16,3.44,3.01,1.88,1.98,1.84,2,1.9,2,1.8,1.94,-0.25,1.95,1.9,1.95,1.9,1.98,1.9,1.9,1.85,2.05,3.3,3.2,2.15,3.4,3,2.1,3.25,3.2,2.1,3.65,3.38,2.05,3.4,3,2.15,3.5,3.2,2.22,3.65,3.38,2.12,3.44,3.15,1.9,1.95,1.85,1.99,1.94,1.99,1.83,1.91,-0.25,1.85,2,1.83,2.03,1.94,2.03,1.85,1.92
SC1,11/11/2023,15:00,Inverness C,Ayr,3,1,H,3,0,H,I Snedden,5,5,5,1,8,9,5,4,2,0,0,0,2.3,3.3,2.75,2.25,3.4,2.75,2.3,3.3,2.75,2.44,3.5,2.87,2.25,3.4,2.62,2.25,3.3,2.7,2.44,3.51,2.9,2.31,3.4,2.78,1.75,2.05,1.78,2.06,1.83,2.17,1.73,2.03,-0.25,2.05,1.75,2.1,1.76,2.1,1.82,2.01,1.74,2.38,3.1,2.88,2.35,3.2,2.8,2.35,3.1,2.85,2.47,3.3,2.98,2.3,3.2,2.75,2.45,3.3,2.88,2.47,3.4,2.98,2.37,3.2,2.88,2.08,1.73,2.06,1.78,2.13,1.79,2.03,1.73,0,1.78,2.1,1.75,2.12,1.81,2.18,1.73,2.07
SC1,11/11/2023,15:00,Partick,Morton,2,1,H,1,1,D,A Muir,10,6,5,2,15,14,2,2,2,3,1,0,1.75,3.75,3.8,1.72,3.75,4,1.75,3.7,4.1,1.79,4.12,4.06,1.67,3.75,4,1.7,3.6,4,1.79,4.16,4.33,1.74,3.84,4.03,1.7,2.1,1.71,2.15,1.8,2.18,1.69,2.09,-0.75,2,1.85,2.02,1.84,2.05,1.87,1.95,1.81,1.67,3.8,4.2,1.77,3.7,3.8,1.8,3.7,3.9,1.77,3.91,4.39,1.73,3.7,3.8,1.75,3.9,4.2,1.89,4.03,4.43,1.75,3.77,4.06,1.67,2.15,1.68,2.22,1.73,2.22,1.66,2.14,-0.75,1.98,1.88,1.99,1.87,2.01,1.88,1.94,1.82
SC1,11/11/2023,15:00,Queens Park,Raith Rvs,2,3,A,0,1,A,C Napier,18,12,9,6,11,6,5,1,2,1,1,0,3,3.4,2.15,3,3.3,2.15,3.05,3.25,2.2,3.18,3.39,2.3,2.9,3.3,2.15,2.9,3.2,2.15,3.18,3.45,2.3,3.02,3.32,2.21,2,1.85,2.02,1.82,2.02,1.91,1.91,1.82,0.25,1.9,1.95,1.88,1.98,1.9,1.98,1.84,1.9,2.75,3.3,2.3,2.7,3.25,2.35,2.8,3.2,2.35,3.08,3.42,2.34,2.7,3.25,2.3,2.9,3.2,2.45,3.08,3.42,2.48,2.84,3.29,2.35,2,1.85,2.01,1.83,2.02,1.85,1.94,1.79,0.25,1.78,2.1,1.84,2.02,1.84,2.17,1.75,2.03
SC1,18/11/2023,15:00,Dunfermline,Inverness C,1,1,D,0,1,A,E Anderson,12,5,2,2,2,5,10,7,2,3,0,0,2.25,3.3,3.25,2.2,3.4,2.9,2.2,3.2,3.05,2.31,3.37,3.18,2.15,3.3,2.88,2.15,3.25,2.9,2.33,3.41,3.25,2.23,3.3,3.03,1.95,1.9,2.04,1.81,2.04,1.91,1.9,1.84,-0.25,1.98,1.88,1.99,1.87,2.02,1.88,1.93,1.82,2.55,3.25,2.8,2.37,3.2,2.75,2.5,3.05,2.75,2.59,3.1,2.99,2.3,3.3,2.62,2.55,3.13,2.88,2.61,3.32,3.06,2.46,3.14,2.82,2.1,1.7,2.16,1.71,2.16,1.73,2.07,1.69,0,1.8,2,1.79,2.08,1.83,2.19,1.76,2.02
SC1,28/11/2023,19:45,Dunfermline,Arbroath,3,0,H,0,0,D,R Hardie,17,6,9,0,8,7,12,1,1,1,0,0,1.85,3.3,3.8,1.93,3.4,3.5,1.9,3.3,3.85,1.96,3.7,3.74,1.85,3.4,3.6,1.93,3.5,3.9,1.96,3.7,3.95,1.91,3.49,3.68,1.93,1.93,1.94,1.89,1.94,1.96,1.88,1.86,-0.5,1.98,1.88,1.96,1.88,1.98,1.95,1.9,1.85,1.91,3.4,3.8,1.87,3.5,3.6,1.9,3.35,3.8,1.85,3.75,4.19,1.8,3.5,3.6,1.87,3.7,3.9,1.99,3.75,4.5,1.86,3.55,3.84,1.83,2.03,1.84,2,1.97,2.03,1.82,1.92,-0.5,1.88,1.98,1.85,2.01,1.9,2.01,1.84,1.91
SC1,02/12/2023,15:00,Inverness C,Raith Rvs,1,2,A,0,0,D,D Williams,6,13,2,5,12,5,3,10,2,2,0,0,3.1,3.4,2.1,3.1,3.25,2.15,3.1,3.2,2.15,3.43,3.39,2.18,3.1,3.25,2.05,3.1,3.2,2.05,3.43,3.5,2.23,3.24,3.33,2.12,2.03,1.83,1.98,1.85,2.03,1.87,1.93,1.81,0.25,1.98,1.88,1.98,1.88,2.02,1.94,1.92,1.83,2.75,3,2.5,2.75,2.85,2.55,2.9,3,2.45,2.92,3.05,2.68,2.75,2.9,2.45,2.88,3,2.63,2.97,3.35,2.68,2.83,3,2.55,2.38,1.53,2.44,1.57,2.63,1.62,2.41,1.53,0,2,1.85,2.02,1.84,2.08,1.86,1.98,1.79
SC1,02/12/2023,15:00,Partick,Airdrie Utd,2,1,H,2,0,H,S McLean,7,7,3,4,7,7,4,8,1,0,0,0,1.67,4,4,1.65,3.75,4.2,1.73,3.75,4.2,1.76,4.18,4.15,1.62,3.75,4.33,1.67,3.6,4.1,1.76,4.18,4.5,1.71,3.88,4.19,1.7,2.1,1.67,2.23,1.75,2.23,1.67,2.12,-0.75,1.95,1.9,1.97,1.88,1.97,1.91,1.9,1.84,1.8,4,3.6,1.78,3.6,3.6,1.83,3.65,3.85,1.95,4.03,3.59,1.75,3.7,3.7,1.87,3.75,3.9,1.95,4.18,4.05,1.84,3.79,3.68,1.7,2.1,1.7,2.17,1.8,2.17,1.69,2.08,-0.5,1.83,1.98,1.95,1.9,1.95,2.02,1.84,1.9
SC1,08/12/2023,19:45,Raith Rvs,Partick,4,3,H,1,0,H,A Muir,17,10,9,3,13,11,10,9,2,3,0,0,2.3,3.5,3,2.25,3.4,2.8,2.3,3.25,2.85,2.31,3.6,2.99,2.15,3.4,2.8,2.3,3.3,3.1,2.31,3.6,3.1,2.26,3.41,2.9,1.75,2.05,1.71,2.16,1.79,2.16,1.72,2.05,-0.25,2,1.85,2.01,1.85,2.02,1.86,1.95,1.81,2.25,3.4,3.1,2.2,3.4,2.85,2.2,3.3,3,2.14,3.42,3.5,2.15,3.4,2.8,2.3,3.3,3.13,2.3,3.5,3.5,2.18,3.37,3.1,1.88,1.98,1.88,1.95,2.06,2.08,1.78,1.97,-0.25,1.9,1.95,1.85,2.01,1.96,2.01,1.88,1.89
SC1,09/12/2023,15:00,Airdrie Utd,Dunfermline,1,2,A,0,1,A,D Robertson,12,9,5,6,10,3,8,4,2,0,0,0,2.8,3,2.8,2.5,3.3,2.55,2.6,3.05,2.65,2.69,3.33,2.69,2.45,3.25,2.5,2.5,3.2,2.45,2.8,3.4,2.8,2.58,3.23,2.6,2.03,1.83,1.91,1.93,2.03,1.95,1.87,1.86,0,1.93,1.93,1.93,1.93,1.93,1.93,1.88,1.88,2.9,3,2.7,2.6,3.3,2.45,2.65,3.05,2.5,2.83,3.39,2.53,2.5,3.3,2.4,2.75,3.25,2.55,2.94,3.4,2.73,2.69,3.22,2.51,2.03,1.83,1.93,1.9,2.1,1.95,1.89,1.84,0,2.03,1.83,2.04,1.82,2.04,1.95,1.95,1.82
SC1,09/12/2023,15:00,Arbroath,Morton,1,2,A,0,1,A,G Duncan,10,10,2,5,8,10,7,4,1,3,0,0,2.63,3.3,2.63,2.55,3.3,2.45,2.55,3.2,2.5,2.74,3.42,2.58,2.5,3.3,2.4,2.5,3.2,2.45,2.74,3.42,2.63,2.62,3.27,2.52,1.98,1.88,1.93,1.89,1.98,1.9,1.87,1.86,0,1.98,1.88,1.99,1.87,1.99,1.95,1.92,1.84,2.88,3.25,2.5,2.7,3.2,2.4,2.7,3.1,2.45,2.95,3.34,2.47,2.7,3.2,2.3,2.88,3.2,2.5,2.95,3.34,2.54,2.79,3.21,2.44,2.05,1.75,1.99,1.85,2.21,1.88,1.97,1.78,0,2.05,1.8,2.12,1.77,2.12,1.82,2.02,1.76
SC1,09/12/2023,15:00,Dundee United,Ayr,1,0,H,0,0,D,N Walsh,14,5,5,2,1,9,13,4,0,3,0,0,1.4,4.75,6.5,1.43,4.5,6,1.43,4.5,6.5,1.41,4.91,7.26,1.4,4.33,6,1.36,4.33,6.5,1.45,4.91,7.26,1.4,4.57,6.64,1.62,2.25,1.61,2.34,1.64,2.34,1.59,2.25,-1.25,1.93,1.93,1.91,1.94,1.95,1.94,1.88,1.86,1.33,5.5,8,1.3,5.25,8,1.33,5,8.25,1.32,5.25,9.51,1.25,5,9.5,1.3,5.25,10,1.36,5.61,10,1.3,5.12,8.78,1.6,2.3,1.63,2.31,1.66,2.35,1.58,2.27,-1.5,1.95,1.9,1.97,1.88,1.99,1.94,1.89,1.87
SC1,09/12/2023,15:00,Queens Park,Inverness C,1,4,A,1,1,D,C Napier,5,16,3,11,7,4,2,3,2,0,0,0,2.4,3.3,2.88,2.4,3.25,2.65,2.35,3.2,2.75,2.42,3.6,2.83,2.3,3.2,2.7,2.3,3.2,2.7,2.45,3.6,2.88,2.37,3.33,2.77,2,1.85,1.97,1.86,2,1.87,1.92,1.82,0,1.78,2.1,1.78,2.1,1.78,2.1,1.74,2.03,2.05,3.4,3.5,2.05,3.3,3.25,2.1,3.25,3.3,2.18,3.67,3.18,2,3.25,3.25,2.05,3.4,3.6,2.18,3.67,3.61,2.06,3.41,3.31,1.95,1.9,1.85,1.99,2.1,1.99,1.9,1.85,-0.25,1.8,2.05,1.9,1.95,1.9,2.09,1.81,1.96
SC1,12/12/2023,19:45,Morton,Inverness C,2,1,H,1,0,H,L Wilson,13,7,5,2,11,7,8,2,5,2,0,0,2.7,3.1,2.75,2.5,3.2,2.55,2.55,3,2.6,2.77,3.24,2.67,2.5,3.1,2.6,2.7,3.1,2.7,2.77,3.24,2.75,2.63,3.15,2.63,2.1,1.7,2.08,1.76,2.11,1.8,2.02,1.73,0,1.95,1.9,1.99,1.87,1.99,1.93,1.89,1.88,2.9,3,2.5,2.75,3.2,2.4,2.8,3,2.45,2.78,3.36,2.59,2.62,3.1,2.45,2.9,3.1,2.55,3.02,3.36,2.6,2.78,3.16,2.48,2.1,1.7,2.05,1.8,2.15,1.8,2.02,1.74,0,2.05,1.8,2,1.86,2.09,1.86,1.99,1.79
SC1,13/12/2023,19:45,Arbroath,Raith Rvs,1,2,A,1,1,D,G Duncan,5,8,2,5,17,9,3,6,2,2,0,0,4.2,3.75,1.8,3.7,3.7,1.8,3.9,3.55,1.83,4.42,3.9,1.78,3.9,3.5,1.75,3.75,3.5,1.75,4.5,3.9,1.83,4.06,3.7,1.78,1.73,2.08,1.73,2.09,1.73,2.15,1.7,2.06,0.5,2.03,1.78,2.08,1.75,2.08,1.81,2.01,1.76,5.75,4,1.55,5,3.9,1.57,5.25,3.85,1.57,5.95,4.18,1.56,5,4,1.5,5.75,3.9,1.6,5.95,4.33,1.65,5.3,3.97,1.57,1.73,2.08,1.75,2.1,1.89,2.1,1.75,2.01,1,1.93,1.93,1.9,1.95,1.93,2.08,1.8,1.97
SC1,16/12/2023,15:00,Ayr,Airdrie Utd,1,0,H,1,0,H,P Stuart,9,14,2,4,7,8,4,1,1,3,0,0,2.1,3.4,3,2.15,3.3,3,2.2,3.3,3.05,2.22,3.42,3.31,2.05,3.3,3.1,2.1,3.2,3,2.22,3.5,3.31,2.15,3.33,3.15,2,1.85,1.97,1.87,2,1.87,1.92,1.82,-0.25,1.93,1.93,1.92,1.93,1.93,1.93,1.86,1.89,2.2,3.2,3.1,2.25,3,3.1,2.2,3,3.25,2.35,3.21,3.25,2.2,3.1,3,2.3,3.13,3.3,2.35,3.37,3.3,2.24,3.15,3.17,2.25,1.62,2.24,1.67,2.44,1.69,2.26,1.6,-0.25,2,1.85,2,1.85,2.02,1.93,1.93,1.84
SC1,16/12/2023,15:00,Dundee United,Raith Rvs,0,1,A,0,0,D,J Beaton,13,5,4,3,18,11,9,3,3,2,0,0,1.55,3.75,5.5,1.58,3.8,5,1.57,3.7,5.5,1.57,4.15,5.85,1.5,3.75,5.5,1.5,3.6,5.25,1.6,4.15,5.85,1.56,3.86,5.49,1.98,1.88,1.99,1.85,1.99,1.91,1.91,1.83,-1,2.05,1.8,2.02,1.84,2.05,1.84,1.97,1.79,1.7,3.4,4.5,1.72,3.5,4.33,1.77,3.4,4.4,1.76,3.72,4.75,1.67,3.5,4.33,1.75,3.6,4.75,1.81,3.9,5,1.72,3.57,4.54,2.03,1.83,2,1.85,2.1,1.85,1.95,1.79,-0.75,2,1.85,1.99,1.86,2.05,2,1.94,1.83
SC1,16/12/2023,15:00,Dunfermline,Partick,1,2,A,0,2,A,C Graham,5,4,3,3,4,10,3,5,1,3,0,0,2.5,3.25,2.6,2.4,3.5,2.55,2.45,3.25,2.55,2.57,3.5,2.71,2.45,3.3,2.45,2.4,3.25,2.55,2.57,3.6,2.71,2.46,3.39,2.59,1.83,2.03,1.85,1.99,1.87,2.03,1.78,1.97,0,1.88,1.98,1.88,1.98,1.88,1.98,1.83,1.93,2.5,3.25,2.6,2.4,3.4,2.6,2.45,3.25,2.55,2.57,3.54,2.69,2.38,3.3,2.6,2.55,3.4,2.7,2.64,3.55,2.74,2.48,3.39,2.61,1.75,2.05,1.75,2.1,1.89,2.1,1.73,2.02,0,1.88,1.98,1.88,1.97,1.89,1.99,1.84,1.93
SC1,16/12/2023,15:00,Inverness C,Arbroath,1,2,A,1,2,A,I Snedden,11,8,2,6,11,15,7,4,1,4,0,0,1.7,3.6,4.33,1.73,3.6,4.1,1.73,3.55,4.4,1.72,3.89,4.79,1.67,3.6,4.2,1.65,3.5,4.4,1.79,3.89,4.79,1.71,3.69,4.43,1.9,1.95,1.88,1.96,1.9,1.96,1.83,1.9,-0.75,1.95,1.9,1.93,1.92,1.95,1.92,1.9,1.84,1.57,3.8,5,1.57,3.9,5,1.6,3.75,5,1.62,4.07,5.35,1.53,3.9,5,1.6,4,5.5,1.7,4.07,5.5,1.59,3.91,5.03,1.85,2,1.88,1.95,1.97,2,1.83,1.9,-0.75,1.75,2.05,1.8,2.07,1.85,2.12,1.77,2.01
SC1,16/12/2023,15:00,Morton,Queens Park,1,0,H,1,0,H,G Irvine,8,14,5,6,9,12,3,7,3,1,1,0,2.05,3.4,3.2,2.15,3.4,2.95,2.1,3.35,3.2,2.16,3.64,3.25,2.05,3.4,3,2.05,3.3,3,2.17,3.64,3.25,2.1,3.45,3.15,1.85,2,1.83,2.01,1.85,2.01,1.79,1.95,-0.25,1.9,1.95,1.88,1.97,1.9,1.97,1.84,1.9,2.1,3.4,3,2.1,3.5,3,2.15,3.4,3.05,2.22,3.67,3.11,2.05,3.5,2.9,2.15,3.6,3.13,2.24,3.67,3.25,2.13,3.52,3.06,1.75,2.05,1.76,2.08,1.89,2.13,1.73,2.04,-0.25,1.93,1.93,1.93,1.92,1.94,1.96,1.87,1.89
SC1,22/12/2023,19:45,Queens Park,Dundee United,0,0,D,0,0,D,S McLean,5,16,1,5,9,8,4,8,2,1,0,0,5.75,4.2,1.53,5.25,4.1,1.52,5.25,4.1,1.55,5.86,4.55,1.52,5.5,4.2,1.44,6,4.4,1.5,6,4.55,1.55,5.5,4.24,1.51,1.67,2.15,1.68,2.22,1.68,2.33,1.62,2.21,1,1.98,1.88,1.98,1.87,1.98,1.89,1.92,1.83,6,4.33,1.5,6,4.4,1.44,6,4.3,1.45,6.83,4.54,1.46,6,4.2,1.4,7,4.4,1.45,7,4.55,1.54,6.14,4.35,1.45,1.62,2.25,1.64,2.28,1.69,2.28,1.61,2.23,1,2.03,1.78,2.12,1.75,2.12,1.82,2.03,1.74
SC1,22/12/2023,19:45,Raith Rvs,Ayr,4,4,D,2,1,H,C Napier,13,10,7,8,9,11,9,3,1,0,0,1,1.62,3.8,5,1.7,3.6,4.4,1.7,3.6,4.4,1.71,3.88,4.82,1.62,3.7,4.4,1.73,3.7,4.75,1.74,3.88,5,1.69,3.71,4.55,1.8,2,1.83,2.01,1.83,2.05,1.78,1.96,-0.75,1.83,2.03,1.92,1.93,1.96,2.03,1.87,1.87,1.53,4.2,5.5,1.55,3.9,5.25,1.55,3.95,5.25,1.59,4.08,5.72,1.4,4.5,5.5,1.55,4.2,5.75,1.6,4.5,5.75,1.54,4.1,5.33,1.75,2.05,1.74,2.12,1.89,2.25,1.67,2.11,-1,1.95,1.9,1.98,1.87,2.07,1.95,1.9,1.86
SC1,23/12/2023,15:00,Airdrie Utd,Morton,0,0,D,0,0,D,W Collum,5,7,1,1,13,7,3,6,1,1,0,0,2.2,3.6,3,2.1,3.4,3,2.2,3.35,3,2.28,3.37,3.23,2.1,3.4,2.9,2.1,3.3,2.9,2.28,3.6,3.23,2.17,3.39,3.03,1.85,2,1.85,2,1.85,2,1.79,1.94,-0.25,1.93,1.93,1.96,1.89,1.96,1.93,1.89,1.84,2.2,3.6,3.1,2.1,3.3,3.1,2.15,3.25,3.05,2.28,3.3,3.31,2.05,3.5,2.9,2.25,3.25,3.2,2.28,3.66,3.43,2.19,3.31,3.12,1.98,1.88,1.95,1.88,2.06,1.9,1.9,1.84,-0.25,1.95,1.9,1.95,1.9,2,1.93,1.9,1.86
SC1,23/12/2023,15:00,Arbroath,Dunfermline,1,1,D,1,0,H,L Wilson,16,11,4,2,8,7,10,8,1,1,1,0,4,3.8,1.83,3.7,3.5,1.85,3.85,3.5,1.9,4.12,3.93,1.82,3.7,3.6,1.75,3.8,3.5,1.75,4.12,3.93,1.9,3.84,3.67,1.82,1.75,2.05,1.75,2.1,1.78,2.1,1.73,2.02,0.5,2,1.85,2.05,1.82,2.05,1.85,1.94,1.8,3.75,3.75,1.85,3.7,3.5,1.85,3.65,3.5,1.9,4.15,3.66,1.88,3.6,3.5,1.8,4.1,3.6,1.85,4.15,3.89,1.96,3.82,3.66,1.84,1.8,2,1.85,1.99,1.89,2.05,1.75,2,0.5,1.98,1.88,1.98,1.88,2.02,1.96,1.92,1.83
SC1,23/12/2023,15:00,Partick,Inverness C,1,1,D,1,1,D,G Grainger,8,6,3,1,6,8,5,6,1,3,0,0,1.75,4,4,1.75,3.7,3.9,1.75,3.75,4,1.78,3.98,4.24,1.7,3.75,3.8,1.7,3.6,3.9,1.8,4,4.24,1.75,3.82,3.99,1.6,2.3,1.61,2.34,1.62,2.34,1.59,2.26,-0.75,1.98,1.88,2,1.85,2,1.88,1.95,1.8,1.91,3.6,3.8,1.9,3.4,3.6,1.95,3.35,3.6,1.85,3.76,4.12,1.83,3.5,3.5,1.91,3.5,4,1.98,3.76,4.2,1.87,3.53,3.84,1.8,2,1.78,2.07,1.97,2.07,1.78,1.97,-0.5,1.88,1.98,1.85,2,1.95,2,1.86,1.9
SC1,29/12/2023,19:45,Dundee United,Partick,3,0,H,1,0,H,M MacDermid,21,5,6,1,11,8,9,7,1,3,0,0,1.44,4.2,5.5,1.49,4.2,5.5,1.47,4.3,6,1.48,4.62,6.34,1.44,4.2,5.8,1.45,4.33,7,1.51,4.62,7,1.46,4.38,5.89,1.62,2.25,1.64,2.28,1.65,2.28,1.62,2.21,-1.25,2.03,1.83,2.07,1.8,2.11,1.83,2.02,1.76,1.45,4.2,5.5,1.46,4.33,5.75,1.47,4.2,6,1.53,4.22,6.32,1.36,4.33,6.5,1.5,4.33,6,1.55,4.6,6.5,1.47,4.29,5.99,1.7,2.1,1.76,2.09,1.8,2.2,1.69,2.1,-1,1.83,2.03,1.87,1.99,1.87,2.08,1.79,1.99
SC1,30/12/2023,15:00,Ayr,Dunfermline,2,2,D,1,2,A,R Hardie,12,11,4,5,7,6,9,6,1,2,0,0,2.38,3.3,2.6,2.37,3.3,2.65,2.45,3.25,2.6,2.6,3.57,2.65,2.38,3.25,2.6,2.38,3.2,2.6,2.6,3.57,2.75,2.46,3.33,2.63,1.98,1.88,1.96,1.88,1.98,1.9,1.89,1.84,0,1.85,2,1.9,1.95,1.9,2.05,1.83,1.93,2.25,3.4,2.63,2.37,3.3,2.7,2.45,3.25,2.75,2.42,3.54,2.87,2.45,3.25,2.5,2.55,3.25,2.7,2.66,3.55,2.87,2.44,3.34,2.7,1.88,1.98,1.86,1.97,2.06,2.02,1.88,1.86,0,1.75,2.05,1.76,2.1,1.93,2.13,1.78,1.99
SC1,30/12/2023,15:00,Inverness C,Morton,0,0,D,0,0,D,C Steven,7,3,2,0,6,7,2,4,0,1,0,0,2.1,3.4,2.88,2.15,3.3,3,2.2,3.3,3.05,2.28,3.32,3.27,2.1,3.25,3,2.1,3.2,3,2.28,3.45,3.27,2.18,3.3,3.09,2,1.85,2.03,1.81,2.03,1.87,1.95,1.8,-0.25,1.93,1.93,1.96,1.89,1.96,1.93,1.89,1.86,2.2,3,3,2.2,3,3.2,2.25,2.95,3.1,2.4,3.09,3.28,2.15,3,3.2,2.3,3,3.4,2.4,3.36,3.5,2.26,3.02,3.23,2.5,1.5,2.51,1.54,2.65,1.54,2.52,1.48,-0.25,2.03,1.83,2.04,1.83,2.04,1.94,1.94,1.83
SC1,30/12/2023,15:00,Queens Park,Airdrie Utd,1,2,A,1,0,H,D Robertson,5,10,2,6,15,14,6,4,2,0,0,0,2.4,3.4,2.4,2.5,3.5,2.45,2.5,3.35,2.5,2.61,3.4,2.73,2.45,3.3,2.45,2.45,3.25,2.45,2.61,3.55,2.73,2.51,3.38,2.56,1.83,2.03,1.82,2.02,1.87,2.03,1.78,1.96,0,1.9,1.95,1.88,1.97,1.92,1.97,1.86,1.9,2.4,3.4,2.4,2.5,3.3,2.5,2.5,3.35,2.5,2.66,3.32,2.73,2.45,3.4,2.4,2.6,3.4,2.6,2.66,3.7,2.73,2.53,3.37,2.56,1.93,1.93,1.89,1.94,2.06,2,1.84,1.9,0,1.93,1.93,1.9,1.95,1.94,1.95,1.88,1.9
SC1,30/12/2023,15:00,Raith Rvs,Arbroath,2,2,D,1,0,H,E Anderson,7,5,4,5,11,3,9,7,1,1,0,0,1.4,4.33,6.5,1.4,4.6,6.5,1.4,4.5,6.75,1.41,4.96,7.02,1.33,4.6,6.5,1.33,4.4,7,1.42,5,7.5,1.39,4.67,6.71,1.62,2.25,1.61,2.34,1.62,2.38,1.59,2.27,-1.25,1.85,2,1.91,1.94,1.98,2,1.86,1.9,1.4,4.33,6,1.41,4.5,6.25,1.43,4.5,6.5,1.37,5.24,7.53,1.35,4.5,6.5,1.4,4.6,8,1.48,5.24,8,1.39,4.73,6.77,1.53,2.38,1.54,2.51,1.66,2.51,1.54,2.37,-1.25,1.85,2,1.82,2.04,1.92,2.04,1.84,1.94
SC1,02/01/2024,15:00,Airdrie Utd,Inverness C,2,0,H,0,0,D,S Lambie,6,1,5,0,13,7,6,5,0,1,0,0,2.15,3.3,3,2.2,3.1,3.1,2.25,3.1,3,2.37,3.12,3.31,2.15,3.2,3,2.38,3.13,3.2,2.48,3.3,3.31,2.27,3.17,3.08,2.15,1.67,2.2,1.69,2.25,1.69,2.15,1.65,-0.25,1.98,1.88,2.01,1.85,2.07,1.88,1.95,1.81,2.2,3.3,2.8,2.25,3.1,3,2.25,3.1,3,2.45,3.04,3.25,2.2,3.1,3,2.4,3.1,3.13,2.47,3.49,3.3,2.28,3.16,3.07,2.15,1.67,2.2,1.68,2.32,1.72,2.16,1.65,-0.25,2.03,1.83,2.07,1.8,2.14,1.89,1.97,1.8
SC1,02/01/2024,15:00,Arbroath,Dundee United,0,3,A,0,1,A,C Steven,2,11,2,6,9,7,3,6,1,2,0,0,10,5.75,1.2,10.5,6.5,1.21,11,6.25,1.22,12.35,6.82,1.21,12,6,1.15,15,6.5,1.2,15,6.82,1.22,11.75,6.34,1.2,1.5,2.5,1.49,2.59,1.53,2.6,1.49,2.5,2,1.8,2.05,1.81,2.04,1.84,2.05,1.77,1.98,11,6,1.18,11.5,6.75,1.18,12,6.75,1.2,14.18,6.84,1.19,13,6.5,1.12,13,6.5,1.2,14.18,7.61,1.21,12.23,6.69,1.18,1.44,2.63,1.46,2.69,1.5,2.7,1.45,2.61,2,1.88,1.98,1.9,1.93,1.9,2.03,1.85,1.92
SC1,02/01/2024,15:00,Dunfermline,Raith Rvs,1,2,A,1,1,D,G Grainger,8,11,4,5,11,9,3,7,4,1,0,0,3.4,3.6,1.91,3.1,3.4,2.05,3.35,3.4,2.05,3.35,3.82,2.06,3.25,3.4,1.95,3.6,3.4,2.05,3.61,3.83,2.1,3.31,3.54,2.02,1.83,2.03,1.73,2.13,1.83,2.13,1.75,2.01,0.25,2.1,1.7,2.06,1.81,2.13,1.85,2.04,1.75,3.2,3.75,2,3.1,3.5,2,3.2,3.5,2.05,3.47,3.89,2,3.25,3.5,1.91,3.5,3.5,2.05,3.54,3.9,2.06,3.29,3.61,2,1.73,2.08,1.74,2.12,1.8,2.13,1.72,2.06,0.25,2.03,1.83,2.12,1.75,2.14,1.83,2.05,1.75
SC1,02/01/2024,15:00,Morton,Ayr,3,0,H,1,0,H,D Williams,15,2,6,0,14,13,8,1,2,2,0,0,2.1,3.4,2.9,2.1,3.3,3.1,2.15,3.3,3.1,2.25,3.54,3.16,2.05,3.4,3,2.2,3.4,3.2,2.25,3.54,3.2,2.15,3.4,3.08,1.95,1.9,1.9,1.93,1.98,2.01,1.86,1.88,-0.25,1.93,1.93,1.94,1.91,1.95,1.98,1.88,1.89,2.1,3.4,2.9,2.15,3.3,3,2.15,3.3,3.1,2.21,3.52,3.26,2.1,3.3,3,2.25,3.4,3.13,2.26,3.66,3.26,2.15,3.4,3.11,1.98,1.88,1.93,1.9,2.06,2,1.9,1.85,-0.25,1.95,1.9,1.91,1.94,2,1.94,1.89,1.88
SC1,02/01/2024,15:00,Partick,Queens Park,3,2,H,1,1,D,S Kirkland,14,9,5,5,6,13,8,2,3,3,0,0,1.53,4.2,5.25,1.55,4.2,4.75,1.55,4.2,5,1.56,4.79,4.98,1.5,4.2,4.75,1.55,4.4,5.25,1.67,4.79,5.25,1.55,4.37,4.82,1.5,2.5,1.47,2.68,1.53,2.67,1.47,2.55,-1,1.9,1.95,1.94,1.91,2.04,1.95,1.9,1.85,1.4,4.5,6,1.4,5,5.75,1.4,4.8,6,1.41,4.99,7.19,1.35,4.8,6,1.4,4.8,7.5,1.55,5.2,7.5,1.41,4.87,6.12,1.44,2.63,1.47,2.69,1.5,3,1.42,2.73,-1.25,1.88,1.98,1.85,2.01,2.07,2.06,1.86,1.92
SC1,05/01/2024,19:45,Queens Park,Dunfermline,2,1,H,0,0,D,W Collum,13,4,4,1,14,7,7,0,2,1,0,0,2.75,3.8,2.1,2.85,3.5,2.15,,,,3.1,3.83,2.17,2.9,3.5,2.05,3.1,3.6,2.2,3.1,3.83,2.45,2.93,3.64,2.16,1.67,2.15,1.7,2.17,1.72,2.2,1.67,2.12,0.25,1.93,1.93,1.95,1.9,1.99,2.08,1.87,1.9,2.88,4,2,2.95,3.6,2.05,,,,3.18,3.9,2.1,2.9,3.5,2.05,3.13,3.6,2.15,3.2,4.23,2.26,3.02,3.72,2.09,1.57,2.35,1.54,2.38,1.68,2.4,1.59,2.27,0.25,2,1.85,2.01,1.85,2.06,1.92,1.93,1.85
SC1,06/01/2024,15:00,Airdrie Utd,Raith Rvs,1,0,H,1,0,H,D McFarlane,8,8,4,3,12,10,5,6,3,5,0,1,3.4,3.6,1.83,3.7,3.6,1.83,,,,3.96,3.63,1.93,3.75,3.6,1.75,3.7,3.4,1.8,3.96,3.8,1.93,3.7,3.58,1.87,1.85,2,1.89,1.94,1.89,2,1.82,1.92,0.5,1.93,1.93,1.93,1.93,2.02,1.93,1.9,1.86,2.5,3.2,2.5,2.7,3.2,2.4,,,,2.99,3.4,2.41,2.7,3.2,2.3,2.8,3.25,2.5,3.03,3.44,2.67,2.75,3.24,2.43,2.08,1.73,2.03,1.82,2.32,1.82,2.07,1.7,0,1.95,1.9,2.15,1.72,2.18,1.9,2.02,1.78
SC1,06/01/2024,15:00,Ayr,Inverness C,1,3,A,0,1,A,G Duncan,11,5,5,4,9,9,6,3,2,3,0,0,2.38,3.8,2.45,2.3,3.3,2.7,,,,2.55,3.47,2.75,2.25,3.3,2.7,2.4,3.13,2.6,2.55,3.8,2.75,2.41,3.4,2.67,1.93,1.93,1.92,1.92,2.02,1.93,1.87,1.86,0,1.88,1.98,1.85,2,1.88,2,1.81,1.96,2.25,3.6,2.7,2.2,3.2,3,,,,2.47,3.13,3.13,2.15,3.25,2.9,2.3,3.3,3.13,2.47,3.94,3.15,2.28,3.26,2.99,2.15,1.67,2.18,1.7,2.32,1.89,2.09,1.69,-0.25,2.03,1.83,2.1,1.78,2.1,1.89,1.98,1.81
SC1,06/01/2024,15:00,Dundee United,Morton,2,3,A,2,2,D,I Snedden,9,7,3,4,13,11,10,2,4,4,1,0,1.36,5.75,5.25,1.35,4.75,7.25,,,,1.36,5.17,8.05,1.36,4.75,6,1.33,4.33,7.5,1.44,5.75,8.1,1.35,4.82,7.4,1.67,2.15,1.72,2.14,1.73,2.2,1.68,2.1,-1.25,1.83,2.03,1.8,2.05,1.88,2.05,1.8,1.97,1.4,5.5,5.25,1.37,4.5,7.25,,,,1.41,4.66,7.81,1.36,4.75,6,1.36,4.75,8.5,1.46,5.84,8.5,1.37,4.7,7.16,1.75,2.05,1.85,1.99,1.97,2.06,1.79,1.95,-1.25,1.95,1.9,1.93,1.92,1.95,1.95,1.89,1.88
SC1,06/01/2024,15:00,Partick,Arbroath,4,0,H,1,0,H,C Scott,10,10,7,4,14,9,3,7,0,2,0,0,1.5,4.2,5,1.52,4.33,4.8,,,,1.45,4.47,5.73,1.44,4.33,5.5,1.45,4.2,5.25,1.53,4.6,6,1.48,4.41,5.4,1.5,2.5,1.5,2.47,1.52,2.55,1.5,2.47,-1,1.85,2,1.73,2.04,1.88,2.04,1.77,1.98,1.3,5.5,8.5,1.29,5.5,7.75,,,,1.38,5.4,6.98,1.25,5.5,7.5,1.29,5.75,9,1.45,6,9.21,1.31,5.4,7.78,1.4,2.75,1.42,2.87,1.46,3,1.39,2.84,-1.5,1.8,2,2.03,1.83,2.1,2.05,1.83,1.94
SC1,12/01/2024,19:45,Inverness C,Dundee United,0,1,A,0,0,D,A Muir,10,7,4,2,10,7,4,1,1,2,0,0,5.25,4,1.5,5.5,3.9,1.51,,,,6.21,4.3,1.52,5.8,4,1.44,7,4,1.5,7,4.3,1.54,5.89,4.03,1.5,1.95,1.9,1.9,1.93,2,1.93,1.89,1.86,1,1.95,1.9,1.97,1.88,1.97,1.94,1.89,1.87,4.75,4.33,1.55,5,4.2,1.52,,,,5.34,4.39,1.57,5.5,4.2,1.44,6,4,1.55,6,4.57,1.62,5.16,4.22,1.53,1.62,2.25,1.61,2.35,1.75,2.35,1.63,2.21,1,1.88,1.98,1.91,1.94,1.94,1.98,1.87,1.9
SC1,13/01/2024,15:00,Arbroath,Ayr,0,0,D,0,0,D,E Anderson,7,14,1,2,8,6,4,4,1,2,0,0,2.75,4,2.1,2.9,3.5,2.1,,,,3.04,3.88,2.18,2.88,3.4,2.1,2.9,3.4,2.1,3.1,4,2.22,2.95,3.66,2.12,1.67,2.15,1.69,2.2,1.7,2.2,1.67,2.11,0.25,1.95,1.9,1.93,1.92,1.95,1.92,1.88,1.87,2.88,4,2,3.1,3.5,2.05,,,,3.34,3.97,2.02,3,3.5,2,3.2,3.7,2.1,3.36,4.24,2.15,3.09,3.73,2.06,1.65,2.2,1.68,2.21,1.76,2.25,1.67,2.13,0.25,2.03,1.83,2.09,1.78,2.09,1.86,1.97,1.82
SC1,13/01/2024,15:00,Morton,Partick,1,1,D,1,0,H,C Napier,12,9,5,4,18,13,3,6,5,6,0,0,2.4,3.75,2.5,2.5,3.6,2.4,,,,2.56,3.8,2.57,2.45,3.5,2.38,2.4,3.4,2.45,2.6,3.8,2.6,2.49,3.63,2.47,1.62,2.25,1.6,2.37,1.62,2.37,1.58,2.28,0,1.88,1.98,1.93,1.93,1.98,1.98,1.9,1.87,2.38,3.6,2.6,2.37,3.4,2.6,,,,2.55,3.58,2.69,2.38,3.4,2.5,2.5,3.4,2.75,2.55,3.76,2.75,2.44,3.49,2.62,1.73,2.08,1.73,2.13,1.89,2.25,1.69,2.1,0,1.83,2.03,1.88,1.98,1.89,2.05,1.82,1.96
SC1,13/01/2024,15:00,Raith Rvs,Queens Park,1,2,A,1,1,D,P Stuart,11,8,6,7,9,11,9,2,4,3,0,0,1.45,4.5,5.25,1.49,4.33,5.5,,,,1.49,4.71,6.01,1.4,4.33,5.8,1.4,4.2,5.75,1.49,4.75,6.03,1.45,4.48,5.72,1.57,2.35,1.6,2.38,1.6,2.45,1.55,2.35,-1.25,2.05,1.8,2.06,1.81,2.06,1.81,2,1.77,1.53,4.33,4.75,1.53,4.2,4.8,,,,1.62,4.22,5.11,1.44,4.4,5,1.53,4.4,5.5,1.62,4.75,6,1.53,4.32,5.08,1.6,2.3,1.62,2.33,1.62,2.5,1.55,2.36,-1,1.85,2,2.05,1.81,2.05,2.02,1.9,1.88
SC1,23/01/2024,19:45,Ayr,Arbroath,2,0,H,0,0,D,C Scott,10,3,5,2,15,8,6,2,1,3,0,0,1.62,3.8,5,1.6,3.9,4.75,,,,1.67,4.06,4.88,1.57,3.8,4.6,1.57,3.7,4.6,1.67,4.1,5,1.62,3.92,4.72,1.73,2.08,1.75,2.1,1.75,2.16,1.7,2.06,-0.75,1.83,2.03,1.85,2,1.85,2.03,1.8,1.96,1.57,3.6,5.5,1.6,3.8,4.8,,,,1.54,4.1,6.29,1.55,3.8,4.8,1.62,3.9,5.25,1.68,4.1,6.29,1.58,3.85,5.28,1.88,1.98,1.85,1.98,2.06,1.98,1.82,1.92,-1,2.03,1.83,1.93,1.92,2.19,1.92,2,1.79
SC1,27/01/2024,15:00,Airdrie Utd,Partick,1,1,D,1,1,D,L Wilson,6,4,1,3,13,6,3,5,2,3,0,0,2.4,3.5,2.55,2.45,3.4,2.55,,,,2.47,3.48,2.85,2.3,3.4,2.6,2.38,3.25,2.55,2.47,3.52,2.85,2.4,3.38,2.66,1.75,2.05,1.79,2.05,1.8,2.05,1.75,1.99,0,1.85,2,1.79,2.08,1.88,2.1,1.78,1.98,2.88,3.3,2.25,2.87,3.1,2.3,,,,3.09,3.25,2.42,2.6,3.25,2.38,2.8,3.2,2.5,3.09,3.58,2.53,2.83,3.24,2.38,2.08,1.73,2.01,1.83,2.21,1.89,1.98,1.77,0.25,1.83,2.03,1.8,2.07,1.83,2.1,1.75,2.02
SC1,27/01/2024,15:00,Dundee United,Dunfermline,0,0,D,0,0,D,G Grainger,12,7,3,1,11,3,13,2,0,0,0,0,1.3,5,8.5,1.3,5,8.75,,,,1.3,5.58,9.56,1.25,5,9,1.25,4.75,8.5,1.31,5.58,9.56,1.29,5.06,8.8,1.6,2.3,1.63,2.3,1.67,2.3,1.6,2.24,-1.5,1.9,1.95,1.89,1.96,2,1.96,1.87,1.88,1.36,4.75,7.5,1.34,4.6,8,,,,1.37,4.76,8.8,1.29,4.6,8.5,1.33,5,9,1.4,5.19,9,1.34,4.76,8.18,1.65,2.2,1.68,2.21,1.69,2.25,1.63,2.19,-1.5,2.05,1.83,2.08,1.78,2.08,1.85,1.99,1.78
SC1,27/01/2024,15:00,Morton,Arbroath,3,0,H,0,0,D,D Williams,17,5,8,2,14,14,10,3,1,3,0,1,1.55,4,5.25,1.57,4,5,,,,1.55,4.27,5.91,1.5,4,5,1.5,3.8,5.25,1.57,4.27,5.91,1.54,4.03,5.27,1.73,2.08,1.79,2.05,1.79,2.2,1.7,2.06,-1,1.95,1.9,1.93,1.93,2.02,1.93,1.91,1.84,1.4,4.2,7,1.42,4.33,6.5,,,,1.42,4.76,7.32,1.35,4.33,7,1.4,4.4,8,1.47,4.8,8,1.41,4.43,6.81,1.83,2.03,1.74,2.11,1.89,2.11,1.75,2.02,-1.25,1.98,1.88,1.94,1.91,1.99,1.91,1.94,1.84
SC1,27/01/2024,15:00,Queens Park,Ayr,1,2,A,0,1,A,S Kirkland,7,13,2,6,7,8,1,3,1,3,1,0,2.45,3.4,2.55,2.35,3.5,2.6,,,,2.45,3.8,2.69,2.38,3.4,2.5,2.38,3.3,2.55,2.5,3.8,2.7,2.41,3.5,2.6,1.7,2.1,1.73,2.13,1.73,2.15,1.69,2.08,0,1.85,2,1.84,2.02,1.87,2.02,1.8,1.95,2.38,3.3,2.7,2.35,3.3,2.65,,,,2.55,3.58,2.68,2.3,3.4,2.6,2.45,3.4,2.8,2.55,3.58,2.85,2.4,3.41,2.69,1.85,2,1.82,2.02,2.06,2.02,1.81,1.93,0,1.85,2,1.88,1.98,1.88,2.08,1.8,1.98
SC1,27/01/2024,15:00,Raith Rvs,Inverness C,2,3,A,1,3,A,D McFarlane,8,7,3,4,11,11,6,1,0,2,0,0,1.7,3.8,4,1.72,3.6,4.2,,,,1.76,3.91,4.46,1.7,3.6,4,1.7,3.5,4.1,1.79,3.91,4.75,1.73,3.66,4.24,1.8,2,1.76,2.08,1.87,2.08,1.77,1.98,-0.75,1.98,1.88,1.99,1.87,2.06,1.88,1.95,1.81,1.75,3.5,3.8,1.77,3.4,4.2,,,,1.88,3.59,4.25,1.73,3.5,4,1.8,3.6,4.4,1.9,3.78,4.4,1.82,3.5,4.04,2.1,1.7,2.06,1.78,2.21,1.84,1.99,1.76,-0.5,1.88,1.98,1.88,1.98,1.9,2,1.82,1.95
SC1,03/02/2024,15:00,Ayr,Dundee United,1,2,A,1,0,H,G Duncan,7,9,3,4,16,7,6,11,2,3,1,0,4.33,3.8,1.67,4.2,3.8,1.68,,,,4.69,3.97,1.71,4.6,3.8,1.57,4.4,3.7,1.62,4.75,4,1.71,4.47,3.8,1.67,1.73,2.08,1.78,2.07,1.78,2.1,1.72,2.04,0.75,1.95,1.9,1.95,1.9,1.95,1.9,1.91,1.84,5,4,1.57,4.8,3.8,1.6,,,,5.28,4.07,1.63,5,3.75,1.53,5.75,4,1.57,5.75,4.2,1.68,5.05,3.99,1.58,1.8,2,1.79,2.04,1.89,2.08,1.75,2.01,1,1.83,2.03,1.81,2.05,1.85,2.05,1.81,1.98
SC1,03/02/2024,15:00,Dunfermline,Morton,0,5,A,0,2,A,K Clancy,7,13,1,7,9,9,5,3,0,1,0,0,2.5,3.1,2.7,2.4,3.3,2.6,,,,2.58,3.54,2.67,2.38,3.25,2.6,2.4,3.2,2.55,2.58,3.54,2.75,2.47,3.32,2.63,1.98,1.88,1.89,1.94,1.98,1.94,1.88,1.86,0,1.88,1.98,1.89,1.96,1.89,1.98,1.83,1.94,2.63,3.2,2.5,2.5,3.4,2.5,,,,2.72,3.65,2.48,2.4,3.3,2.5,2.63,3.4,2.6,2.77,3.65,2.75,2.56,3.38,2.53,1.88,1.98,1.81,2.03,2.06,2.03,1.86,1.89,0,1.98,1.88,2.02,1.84,2.02,2.02,1.93,1.86
SC1,03/02/2024,15:00,Inverness C,Queens Park,0,1,A,0,0,D,E Anderson,17,4,5,3,14,10,4,4,2,2,0,0,2.1,3.5,3,2.1,3.3,3.1,,,,2.25,3.53,3.15,2.05,3.3,3.1,2.1,3.2,3,2.25,3.53,3.2,2.14,3.4,3.09,1.93,1.93,1.91,1.93,1.93,1.93,1.86,1.88,-0.25,1.93,1.93,1.95,1.9,1.95,1.93,1.88,1.88,1.8,3.75,3.6,1.85,3.4,3.7,,,,1.92,3.69,3.94,1.8,3.4,3.75,1.9,3.5,4.1,1.92,3.98,4.2,1.87,3.57,3.76,1.9,1.95,1.88,1.95,2.06,1.95,1.85,1.89,-0.5,1.88,1.98,1.92,1.93,1.92,2.02,1.85,1.92
SC1,10/02/2024,15:00,Dunfermline,Queens Park,0,3,A,0,0,D,I Snedden,6,13,2,5,13,14,0,3,2,1,0,0,2.55,3.2,2.6,2.45,3.3,2.4,,,,2.71,3.73,2.46,2.5,3.4,2.38,2.5,3.3,2.4,2.71,3.75,2.6,2.58,3.46,2.43,1.75,2.05,1.76,2.09,1.79,2.1,1.73,2.01,0,1.95,1.9,2.03,1.83,2.03,1.9,1.94,1.81,2.5,3.2,2.63,2.4,3.3,2.45,,,,2.48,3.7,2.7,2.4,3.4,2.45,2.55,3.5,2.63,2.64,3.7,2.77,2.48,3.47,2.56,1.75,2.05,1.75,2.11,1.89,2.11,1.73,2.03,0,1.85,2,1.85,2.01,1.98,2.01,1.85,1.92
SC1,16/02/2024,19:45,Raith Rvs,Dundee United,2,1,H,1,1,D,D Robertson,6,13,5,5,4,11,4,7,2,3,0,0,3.75,3.2,1.95,3.4,3.2,1.93,,,,3.57,3.57,2.06,3.4,3.4,1.91,3.75,3.4,2,3.75,3.57,2.06,3.51,3.38,1.98,2.08,1.73,2.05,1.78,2.11,1.83,2,1.75,0.5,1.83,2.03,1.81,2.06,1.87,2.06,1.8,1.98,3.75,3.2,1.95,3.4,3.2,1.93,,,,3.63,3.52,2.06,3.4,3.4,1.91,3.7,3.4,2,3.95,3.52,2.06,3.55,3.36,1.99,2.08,1.73,2.05,1.79,2.21,1.8,2.01,1.74,0.5,1.83,2.03,1.81,2.06,1.9,2.06,1.79,1.98
SC1,17/02/2024,15:00,Airdrie Utd,Ayr,2,3,A,1,1,D,A Muir,8,5,3,5,15,12,3,3,1,1,0,0,2.25,3.1,3,2.2,3.2,2.85,,,,2.3,3.47,3.11,2.15,3.3,2.9,2.15,3.13,3,2.3,3.47,3.27,2.21,3.29,3.03,2.03,1.83,2.01,1.83,2.05,1.83,1.97,1.77,-0.25,1.98,1.88,1.99,1.87,2.06,1.93,1.94,1.84,2.25,3.1,3.1,2.2,3.1,2.87,,,,2.37,3.32,3.11,2.15,3.25,2.9,2.3,3.25,3.1,2.37,3.32,3.26,2.26,3.21,3.02,2.15,1.67,2.2,1.68,2.32,1.78,2.12,1.67,-0.25,2,1.85,2.03,1.83,2.04,1.88,1.96,1.82
SC1,17/02/2024,15:00,Dunfermline,Arbroath,1,1,D,1,0,H,C Napier,10,7,3,3,10,9,8,5,4,3,0,0,1.57,3.8,5,1.55,3.8,4.8,,,,1.62,4.18,5.16,1.53,3.8,5,1.53,3.7,5,1.62,4.2,5.5,1.58,3.93,4.99,1.8,2,1.81,2.03,1.81,2.03,1.77,1.98,-1,2.05,1.8,2.09,1.78,2.09,1.8,2.02,1.76,1.67,3.6,4.5,1.68,3.6,4.1,,,,1.76,3.82,4.57,1.62,3.75,4.33,1.73,3.75,4.6,1.77,3.88,4.78,1.7,3.7,4.38,1.93,1.93,1.91,1.93,2.06,2,1.84,1.9,-0.75,1.98,1.88,2,1.86,2,1.92,1.92,1.85
SC1,17/02/2024,15:00,Inverness C,Partick,3,3,D,1,0,H,G Irvine,8,7,4,4,7,12,6,8,1,2,1,0,2.63,3.4,2.38,2.55,3.25,2.35,,,,2.84,3.39,2.52,2.6,3.25,2.38,2.6,3.2,2.38,2.84,3.45,2.52,2.68,3.32,2.41,1.9,1.95,1.87,1.96,1.93,1.96,1.84,1.9,0,2.05,1.8,2.05,1.81,2.05,1.82,1.99,1.78,2.55,3.3,2.5,2.55,3.2,2.4,,,,2.71,3.42,2.62,2.5,3.25,2.45,2.7,3.25,2.6,2.76,3.49,2.64,2.61,3.3,2.51,2,1.85,1.96,1.87,2.1,1.91,1.93,1.82,0,1.98,1.88,1.96,1.89,1.99,1.89,1.93,1.84
SC1,17/02/2024,15:00,Queens Park,Morton,0,0,D,0,0,D,S McLean,4,9,1,5,7,11,1,5,0,1,0,0,2.63,3.5,2.3,2.65,3.25,2.25,,,,2.89,3.53,2.41,2.62,3.4,2.25,2.7,3.2,2.3,2.89,3.75,2.41,2.74,3.42,2.31,1.88,1.98,1.95,1.88,1.95,2.02,1.84,1.9,0.25,1.78,2.1,1.79,2.09,1.79,2.1,1.75,2.03,3,3.6,2.05,2.85,3.25,2.15,,,,3.2,3.6,2.2,2.9,3.3,2.15,3.13,3.5,2.2,3.2,3.82,2.28,2.99,3.46,2.17,1.93,1.93,1.94,1.89,2.06,1.93,1.88,1.86,0.25,1.98,1.88,1.94,1.91,1.99,2.02,1.87,1.9
